date_hour,request_count
2022-01-21 05:00:00+00:00,62
2022-01-21 06:00:00+00:00,1434
2022-01-21 07:00:00+00:00,1160
2022-01-21 08:00:00+00:00,1114
2022-01-21 09:00:00+00:00,2636
2022-01-21 10:00:00+00:00,2334
2022-01-21 11:00:00+00:00,2676
2022-01-21 12:00:00+00:00,2330
2022-01-21 13:00:00+00:00,2008
2022-01-21 14:00:00+00:00,2862
2022-01-21 15:00:00+00:00,1758
2022-01-21 16:00:00+00:00,1332
2022-01-21 17:00:00+00:00,1416
2022-01-21 18:00:00+00:00,2704
2022-01-21 19:00:00+00:00,1538
2022-01-21 20:00:00+00:00,1888
2022-01-21 21:00:00+00:00,474
2022-01-21 22:00:00+00:00,1020
2022-01-21 23:00:00+00:00,264
2022-01-22 00:00:00+00:00,264
2022-01-22 01:00:00+00:00,264
2022-01-22 02:00:00+00:00,264
2022-01-22 03:00:00+00:00,264
2022-01-22 04:00:00+00:00,264
2022-01-22 05:00:00+00:00,780
2022-01-22 06:00:00+00:00,4160
2022-01-22 07:00:00+00:00,856
2022-01-22 08:00:00+00:00,2808
2022-01-22 09:00:00+00:00,2764
2022-01-22 10:00:00+00:00,2316
2022-01-22 11:00:00+00:00,2494
2022-01-22 12:00:00+00:00,2488
2022-01-22 13:00:00+00:00,2152
2022-01-22 14:00:00+00:00,2480
2022-01-22 15:00:00+00:00,2448
2022-01-22 16:00:00+00:00,1636
2022-01-22 17:00:00+00:00,2848
2022-01-22 18:00:00+00:00,1840
2022-01-22 19:00:00+00:00,812
2022-01-22 20:00:00+00:00,1028
2022-01-22 21:00:00+00:00,444
2022-01-22 22:00:00+00:00,264
2022-01-22 23:00:00+00:00,264
2022-01-23 00:00:00+00:00,264
2022-01-23 01:00:00+00:00,264
2022-01-23 02:00:00+00:00,264
2022-01-23 03:00:00+00:00,264
2022-01-23 04:00:00+00:00,264
2022-01-23 05:00:00+00:00,642
2022-01-23 06:00:00+00:00,9520
2022-01-23 07:00:00+00:00,2678
2022-01-23 08:00:00+00:00,2550
2022-01-23 09:00:00+00:00,2246
2022-01-23 10:00:00+00:00,3018
2022-01-23 11:00:00+00:00,3846
2022-01-23 12:00:00+00:00,3268
2022-01-23 13:00:00+00:00,2672
2022-01-23 14:00:00+00:00,2602
2022-01-23 15:00:00+00:00,2614
2022-01-23 16:00:00+00:00,1852
2022-01-23 17:00:00+00:00,1694
2022-01-23 18:00:00+00:00,1856
2022-01-23 19:00:00+00:00,1498
2022-01-23 20:00:00+00:00,450
2022-01-23 21:00:00+00:00,46
2022-01-23 22:00:00+00:00,456
2022-01-23 23:00:00+00:00,12
2022-01-24 03:00:00+00:00,15566
2022-01-24 04:00:00+00:00,2
2022-01-24 06:00:00+00:00,204
2022-01-24 07:00:00+00:00,1178
2022-01-24 08:00:00+00:00,2404
2022-01-24 09:00:00+00:00,3532
2022-01-24 10:00:00+00:00,2578
2022-01-24 11:00:00+00:00,3208
2022-01-24 12:00:00+00:00,1672
2022-01-24 13:00:00+00:00,2806
2022-01-24 14:00:00+00:00,3032
2022-01-24 15:00:00+00:00,3602
2022-01-24 16:00:00+00:00,3118
2022-01-24 17:00:00+00:00,1784
2022-01-24 18:00:00+00:00,1110
2022-01-24 19:00:00+00:00,800
2022-01-24 20:00:00+00:00,442
2022-01-24 21:00:00+00:00,1024
