session_id,parent_tracking_id,source_ip,geo_country,is_external_ip,is_off_hours,session_duration_sec,total_requests,req_per_min,min_interarrival_sec,avg_uri_depth,error_404_rate,error_403_rate,error_50x_rate,post_rate,rare_method_rate,unique_path_ratio,static_asset_ratio,suspicious_ext_rate,status_diversity,unique_uas,avg_payload_bytes,max_resp_bytes,l1_alert_count,l1_alert_types
10.143.3.65_20220121055522,10.143.3.65_20220121055522,10.143.3.65,LOCAL,0,1,961.0,45,2.81,0.0,3.91,0.0444,0.0,0.0,0.2889,0.0,0.4667,0.6,0.2889,2,1,11993.2,79823,0,
::1_20220121055532,::1_20220121055532,::1,LOCAL,0,1,141.0,2,0.85,141.0,0.0,0.0,0.0,0.0,0.0,1.0,0.5,0.0,0.0,1,1,110.0,110,0,
::1_20220121063001,::1_20220121063001,::1,LOCAL,0,0,875.0,26,1.78,0.0,0.0,0.0,0.0,0.0,0.0,1.0,0.0385,0.0,0.0,1,2,113.08,126,5,Scanner_Bot
172.19.130.68_20220121062945,172.19.130.68_20220121062945,172.19.130.68,LOCAL,0,0,491.0,242,29.57,0.0,4.13,0.0,0.0,0.0,0.0041,0.0289,0.8843,0.8264,0.0083,4,1,7892.42,541394,0,
::1_20220121065632,::1_20220121065632,::1,LOCAL,0,0,0.0,1,60.0,0.0,0.0,0.0,0.0,0.0,0.0,1.0,1.0,0.0,0.0,1,1,110.0,110,0,
10.143.2.4_20220121055527,10.143.2.4_20220121055527,10.143.2.4,LOCAL,0,1,0.0,2,120.0,0.0,1.0,0.0,0.0,0.0,0.5,0.0,1.0,0.0,0.5,1,1,4643.5,9137,0,
::1_20220121071258,::1_20220121071258,::1,LOCAL,0,0,347.0,13,2.25,0.0,0.0,0.0,0.0,0.0,0.0,1.0,0.0769,0.0,0.0,1,2,114.92,126,4,Scanner_Bot
172.19.131.174_20220121063014,172.19.131.174_20220121063014,172.19.131.174,LOCAL,0,0,3727.0,406,6.54,0.0,3.78,0.0,0.0,0.0,0.1182,0.0,0.4015,0.8153,0.0616,2,1,3854.01,79823,0,
::1_20220121073103,::1_20220121073103,::1,LOCAL,0,0,0.0,1,60.0,0.0,0.0,0.0,0.0,0.0,0.0,1.0,1.0,0.0,0.0,1,1,110.0,110,0,
10.143.3.65_20220121062944,10.143.3.65_20220121062944,10.143.3.65,LOCAL,0,0,4178.0,726,10.43,0.0,4.12,0.0,0.0,0.0,0.0372,0.0234,0.5344,0.7507,0.051,5,1,13512.08,6128772,0,
::1_20220121075339,::1_20220121075339,::1,LOCAL,0,0,1075.0,9,0.5,1.0,0.0,0.0,0.0,0.0,0.0,1.0,0.1111,0.0,0.0,1,1,110.0,110,0,
10.143.3.65_20220121080909,10.143.3.65_20220121080909,10.143.3.65,LOCAL,0,0,588.0,38,3.88,0.0,4.16,0.0526,0.0,0.0,0.2368,0.0,0.5526,0.6842,0.2368,2,1,12760.39,79823,0,
10.143.2.4_20220121072528,10.143.2.4_20220121072528,10.143.2.4,LOCAL,0,0,0.0,1,60.0,0.0,1.0,0.0,0.0,0.0,1.0,0.0,1.0,0.0,1.0,1,1,150.0,150,0,
172.19.131.174_20220121075137,172.19.131.174_20220121075137,172.19.131.174,LOCAL,0,0,2245.0,228,6.09,0.0,3.8,0.0,0.0,0.0,0.1228,0.0,0.693,0.8158,0.057,2,1,4633.43,79823,0,
10.143.3.65_20220121083217,10.143.3.65_20220121083217,10.143.3.65,LOCAL,0,0,569.0,167,17.61,0.0,3.83,0.0,0.0,0.0,0.0898,0.0,0.9401,0.8383,0.024,3,1,3464.27,51692,0,
10.143.2.4_20220121084837,10.143.2.4_20220121084837,10.143.2.4,LOCAL,0,0,0.0,1,60.0,0.0,1.0,0.0,0.0,0.0,1.0,0.0,1.0,0.0,1.0,1,1,150.0,150,0,
172.19.130.68_20220121071246,172.19.130.68_20220121071246,172.19.130.68,LOCAL,0,0,1596.0,284,10.68,0.0,4.52,0.0,0.0,0.0,0.0035,0.0352,0.7465,0.6937,0.0282,5,1,26816.05,6131204,0,
::1_20220121082844,::1_20220121082844,::1,LOCAL,0,0,4115.0,35,0.51,1.0,0.0,0.0,0.0,0.0,0.0,1.0,0.0286,0.0,0.0,1,1,110.0,110,0,
10.143.2.25_20220121091409,10.143.2.25_20220121091409,10.143.2.25,LOCAL,0,0,1683.0,334,11.91,0.0,3.68,0.0,0.0,0.0,0.0719,0.0,0.5419,0.8713,0.0569,2,1,3078.23,51692,0,
10.143.2.91_20220121094103,10.143.2.91_20220121094103,10.143.2.91,LOCAL,0,0,979.0,35,2.15,0.0,4.34,0.0571,0.0,0.0,0.1714,0.0,0.6,0.7429,0.1714,2,1,13658.51,79823,0,
::1_20220121094855,::1_20220121094855,::1,LOCAL,0,0,562.0,21,2.24,0.0,0.0,0.0,0.0,0.0,0.0,1.0,0.0476,0.0,0.0,1,2,116.1,126,8,Scanner_Bot
172.19.131.174_20220121084837,172.19.131.174_20220121084837,172.19.131.174,LOCAL,0,0,3899.0,571,8.79,0.0,3.7,0.0018,0.0,0.0,0.1769,0.0,0.5184,0.7163,0.0841,4,2,7304.2,107683,0,
::1_20220121101543,::1_20220121101543,::1,LOCAL,0,0,425.0,12,1.69,1.0,0.0,0.0,0.0,0.0,0.0,1.0,0.0833,0.0,0.0,1,1,110.0,110,0,
10.143.3.65_20220121091230,10.143.3.65_20220121091230,10.143.3.65,LOCAL,0,0,7185.0,518,4.33,0.0,4.23,0.0,0.0,0.0,0.112,0.0097,0.5212,0.4653,0.1892,4,1,4467.22,107683,0,
10.143.2.4_20220121094103,10.143.2.4_20220121094103,10.143.2.4,LOCAL,0,0,0.0,1,60.0,0.0,1.0,0.0,0.0,0.0,1.0,0.0,1.0,0.0,1.0,1,1,150.0,150,0,
10.143.2.4_20220121111559,10.143.2.4_20220121111559,10.143.2.4,LOCAL,0,0,0.0,1,60.0,0.0,1.0,0.0,0.0,0.0,1.0,0.0,1.0,0.0,1.0,1,1,150.0,150,0,
::1_20220121104556,::1_20220121104556,::1,LOCAL,0,0,2830.0,89,1.89,0.0,0.0,0.0,0.0,0.0,0.0,1.0,0.0112,0.0,0.0,1,2,111.44,126,8,Scanner_Bot
10.143.2.91_20220121101537,10.143.2.91_20220121101537,10.143.2.91,LOCAL,0,0,3707.0,324,5.24,0.0,3.51,0.0,0.0,0.0,0.2068,0.0,0.6636,0.5617,0.2068,2,1,4223.4,51116,0,
10.143.2.25_20220121095756,10.143.2.25_20220121095756,10.143.2.25,LOCAL,0,0,6196.0,794,7.69,0.0,4.2,0.0,0.0,0.0,0.0479,0.0176,0.4773,0.7544,0.0353,4,1,3817.12,245957,0,
172.19.130.68_20220121094841,172.19.130.68_20220121094841,172.19.130.68,LOCAL,0,0,6319.0,1167,11.08,0.0,4.44,0.0,0.0,0.0,0.0086,0.0206,0.1945,0.6872,0.0257,4,2,6677.11,248389,1,LFI
::1_20220121114624,::1_20220121114624,::1,LOCAL,0,0,992.0,27,1.63,0.0,0.0,0.0,0.0,0.0,0.0,1.0,0.037,0.0,0.0,1,2,111.19,126,2,Scanner_Bot
10.143.2.25_20220121115425,10.143.2.25_20220121115425,10.143.2.25,LOCAL,0,0,1.0,7,420.0,0.0,4.43,0.0,0.0,0.0,0.0,0.0,1.0,0.8571,0.0,1,1,7277.57,23204,0,
10.143.3.65_20220121111245,10.143.3.65_20220121091230,10.143.3.65,LOCAL,0,0,1324.0,73,3.31,0.0,6.04,0.0137,0.0,0.0,0.0,0.0685,0.3151,0.1644,0.0822,4,1,2590.53,23203,1,LFI
10.143.2.91_20220121115038,10.143.2.91_20220121115038,10.143.2.91,LOCAL,0,0,0.0,4,240.0,0.0,5.0,0.0,0.0,0.0,0.0,0.0,1.0,0.75,0.0,1,1,8433.25,23203,0,
172.19.131.174_20220121104550,172.19.131.174_20220121104550,172.19.131.174,LOCAL,0,0,7199.0,1917,15.98,0.0,3.79,0.0,0.0,0.0,0.1429,0.0031,0.23,0.7157,0.0908,5,2,8059.32,6128196,0,
10.143.2.4_20220121113448,10.143.2.4_20220121113448,10.143.2.4,LOCAL,0,0,0.0,1,60.0,0.0,1.0,0.0,0.0,0.0,1.0,0.0,1.0,0.0,1.0,1,1,150.0,150,0,
::1_20220121121601,::1_20220121121601,::1,LOCAL,0,0,3080.0,53,1.03,0.0,0.0,0.0,0.0,0.0,0.0,1.0,0.0189,0.0,0.0,1,2,110.91,126,3,Scanner_Bot
10.143.2.25_20220121122049,10.143.2.25_20220121122049,10.143.2.25,LOCAL,0,0,2916.0,326,6.71,0.0,3.68,0.0,0.0,0.0,0.0307,0.0,0.4356,0.8712,0.089,2,1,6557.38,79823,0,
10.143.2.4_20220121125035,10.143.2.4_20220121125035,10.143.2.4,LOCAL,0,0,3.0,4,80.0,0.0,1.0,0.0,0.0,0.0,0.5,0.0,0.5,0.0,0.5,1,1,4644.0,9138,0,
172.19.130.68_20220121120211,172.19.130.68_20220121120211,172.19.130.68,LOCAL,0,0,7178.0,624,5.22,0.0,5.12,0.0,0.0,0.0,0.0032,0.0353,0.3494,0.4712,0.0433,4,2,44962.1,6131204,0,
10.143.3.65_20220121122333,10.143.3.65_20220121122333,10.143.3.65,LOCAL,0,0,6909.0,103,0.89,0.0,2.76,0.0,0.0,0.0,0.4757,0.0,0.1942,0.0194,0.5534,2,1,5194.13,21631,0,
10.143.2.4_20220121135609,10.143.2.4_20220121135609,10.143.2.4,LOCAL,0,0,0.0,1,60.0,0.0,1.0,0.0,0.0,0.0,1.0,0.0,1.0,0.0,1.0,1,1,150.0,150,0,
172.19.131.174_20220121124619,172.19.131.174_20220121104550,172.19.131.174,LOCAL,0,0,7200.0,926,7.72,0.0,4.49,0.0022,0.0,0.0,0.108,0.0173,0.2181,0.4384,0.1566,4,2,23687.01,6128772,0,
::1_20220121134146,::1_20220121134146,::1,LOCAL,0,0,3762.0,57,0.91,1.0,0.0,0.0,0.0,0.0,0.0,1.0,0.0175,0.0,0.0,1,2,110.84,126,3,Scanner_Bot
10.143.2.91_20220121123951,10.143.2.91_20220121123951,10.143.2.91,LOCAL,0,0,6801.0,669,5.9,0.0,3.47,0.0045,0.0,0.0,0.157,0.0,0.4469,0.6816,0.1271,4,1,7124.75,107683,0,
10.143.3.65_20220121142342,10.143.3.65_20220121122333,10.143.3.65,LOCAL,0,0,2326.0,27,0.7,0.0,5.07,0.0,0.0,0.0,0.3333,0.0,0.5556,0.5556,0.0741,2,1,7648.63,71266,0,
10.143.2.4_20220121142734,10.143.2.4_20220121142734,10.143.2.4,LOCAL,0,0,0.0,1,60.0,0.0,1.0,0.0,0.0,0.0,1.0,0.0,1.0,0.0,1.0,1,1,150.0,150,0,
::1_20220121145437,::1_20220121145437,::1,LOCAL,0,0,1834.0,52,1.7,0.0,0.0,0.0,0.0,0.0,0.0,1.0,0.0192,0.0,0.0,1,2,111.85,126,6,Scanner_Bot
10.143.2.25_20220121135608,10.143.2.25_20220121135608,10.143.2.25,LOCAL,0,0,7159.0,773,6.48,0.0,3.33,0.0,0.0,0.0,0.1242,0.0,0.2885,0.7891,0.097,2,1,3771.37,80012,0,
::1_20220121154229,::1_20220121154229,::1,LOCAL,0,0,601.0,3,0.3,9.0,0.0,0.0,0.0,0.0,0.0,1.0,0.3333,0.0,0.0,1,1,110.0,110,0,
172.19.130.68_20220121140219,172.19.130.68_20220121120211,172.19.130.68,LOCAL,0,0,7200.0,698,5.82,0.0,4.88,0.0,0.0,0.0,0.0086,0.0014,0.1318,0.5272,0.0387,4,2,7361.84,107362,0,
10.143.2.91_20220121150518,10.143.2.91_20220121150518,10.143.2.91,LOCAL,0,0,2997.0,224,4.48,0.0,3.78,0.0,0.0,0.0,0.1786,0.0,0.7857,0.692,0.058,3,1,3869.71,51692,0,
::1_20220121160239,::1_20220121160239,::1,LOCAL,0,0,0.0,1,60.0,0.0,0.0,0.0,0.0,0.0,0.0,1.0,1.0,0.0,0.0,1,1,110.0,110,0,
10.143.3.65_20220121151752,10.143.3.65_20220121151752,10.143.3.65,LOCAL,0,0,1857.0,65,2.1,0.0,5.14,0.0,0.0,0.0,0.0923,0.0154,0.2615,0.0923,0.1231,4,1,3934.75,24489,0,
::1_20220121161429,::1_20220121161429,::1,LOCAL,0,0,0.0,1,60.0,0.0,0.0,0.0,0.0,0.0,0.0,1.0,1.0,0.0,0.0,1,1,110.0,110,0,
10.143.2.91_20220121161352,10.143.2.91_20220121161352,10.143.2.91,LOCAL,0,0,414.0,7,1.01,0.0,2.43,0.1429,0.0,0.0,0.1429,0.0,0.7143,0.4286,0.1429,2,1,7772.29,25241,0,
10.143.2.4_20220121153309,10.143.2.4_20220121153309,10.143.2.4,LOCAL,0,0,0.0,1,60.0,0.0,1.0,0.0,0.0,0.0,1.0,0.0,1.0,0.0,1.0,1,1,150.0,150,0,
172.19.131.174_20220121144634,172.19.131.174_20220121104550,172.19.131.174,LOCAL,0,0,7185.0,682,5.7,0.0,4.68,0.0,0.0,0.0,0.1818,0.0,0.1833,0.3167,0.1393,4,2,5377.12,107683,0,
10.143.3.65_20220121161734,10.143.3.65_20220121161734,10.143.3.65,LOCAL,0,0,1565.0,43,1.65,0.0,1.93,0.0,0.0,0.0,0.186,0.0,0.2326,0.0,0.8837,2,1,11316.53,21648,0,
::1_20220121163227,::1_20220121163227,::1,LOCAL,0,0,501.0,8,0.96,0.0,0.0,0.0,0.0,0.0,0.0,1.0,0.125,0.0,0.0,1,2,116.0,126,3,Scanner_Bot
10.143.2.4_20220121164339,10.143.2.4_20220121164339,10.143.2.4,LOCAL,0,0,0.0,1,60.0,0.0,1.0,0.0,0.0,0.0,1.0,0.0,1.0,0.0,1.0,1,1,150.0,150,0,
::1_20220121171822,::1_20220121171822,::1,LOCAL,0,0,487.0,13,1.6,0.0,0.0,0.0,0.0,0.0,0.0,1.0,0.0769,0.0,0.0,1,2,119.85,126,8,Scanner_Bot
10.143.2.91_20220121163612,10.143.2.91_20220121163612,10.143.2.91,LOCAL,0,0,3316.0,113,2.04,0.0,3.48,0.0,0.0,0.0,0.6637,0.0,0.2212,0.0531,0.2478,2,1,3487.88,24972,0,
10.143.3.65_20220121170333,10.143.3.65_20220121170333,10.143.3.65,LOCAL,0,0,2191.0,132,3.61,0.0,6.21,0.0,0.0,0.0,0.0076,0.0985,0.2803,0.1439,0.0758,4,1,2215.61,13692,0,
172.19.130.68_20220121160249,172.19.130.68_20220121120211,172.19.130.68,LOCAL,0,0,7200.0,913,7.61,0.0,5.6,0.0,0.0,0.0,0.0033,0.034,0.2662,0.3461,0.0559,5,2,6228.33,544402,0,
10.143.2.25_20220121155613,10.143.2.25_20220121135608,10.143.2.25,LOCAL,0,0,6827.0,482,4.24,0.0,5.04,0.0,0.0,0.0,0.0207,0.0373,0.4793,0.5187,0.0539,4,1,7042.15,541970,0,
::1_20220121175008,::1_20220121175008,::1,LOCAL,0,0,588.0,12,1.22,0.0,0.0,0.0,0.0,0.0,0.0,1.0,0.0833,0.0,0.0,1,2,111.33,126,1,Scanner_Bot
::1_20220121181157,::1_20220121181157,::1,LOCAL,0,0,330.0,11,2.0,0.0,0.0,0.0,0.0,0.0,0.0,1.0,0.0909,0.0,0.0,1,2,114.36,126,3,Scanner_Bot
10.143.2.4_20220121173128,10.143.2.4_20220121173128,10.143.2.4,LOCAL,0,0,0.0,1,60.0,0.0,1.0,0.0,0.0,0.0,1.0,0.0,1.0,0.0,1.0,1,1,150.0,150,0,
172.19.131.174_20220121164649,172.19.131.174_20220121104550,172.19.131.174,LOCAL,0,0,7200.0,589,4.91,0.0,4.96,0.0,0.0,0.0,0.0272,0.0,0.1749,0.4907,0.0628,3,2,6564.54,107683,0,
10.143.2.4_20220121182939,10.143.2.4_20220121182939,10.143.2.4,LOCAL,0,0,0.0,1,60.0,0.0,1.0,0.0,0.0,0.0,1.0,0.0,1.0,0.0,1.0,1,1,150.0,150,0,
10.143.3.65_20220121175820,10.143.3.65_20220121175820,10.143.3.65,LOCAL,0,0,6992.0,316,2.71,0.0,3.43,0.0063,0.0,0.0,0.1835,0.0,0.6392,0.6044,0.2437,3,1,5370.32,79823,0,
172.19.130.68_20220121180319,172.19.130.68_20220121120211,172.19.130.68,LOCAL,0,0,7200.0,825,6.88,0.0,4.78,0.0,0.0,0.0,0.0048,0.0061,0.2461,0.5903,0.0339,4,2,6574.3,107362,0,
10.143.2.25_20220121180956,10.143.2.25_20220121180956,10.143.2.25,LOCAL,0,0,7184.0,1237,10.33,0.0,3.72,0.0,0.0,0.0,0.0453,0.0065,0.3217,0.8375,0.0574,4,1,3757.66,107683,0,
::1_20220121182747,::1_20220121182747,::1,LOCAL,0,0,5991.0,79,0.79,0.0,0.0,0.0,0.0,0.0,0.0,1.0,0.0127,0.0,0.0,1,2,111.82,126,9,Scanner_Bot
::1_20220121201848,::1_20220121201848,::1,LOCAL,0,1,0.0,2,120.0,0.0,0.0,0.0,0.0,0.0,0.0,1.0,0.5,0.0,0.0,1,2,118.0,126,1,Scanner_Bot
172.19.131.174_20220121184719,172.19.131.174_20220121104550,172.19.131.174,LOCAL,0,0,7200.0,524,4.37,0.0,5.13,0.0095,0.0,0.0,0.0363,0.0,0.2004,0.4198,0.0782,4,2,5980.31,107683,0,
10.143.3.65_20220121195837,10.143.3.65_20220121175820,10.143.3.65,LOCAL,0,1,907.0,13,0.86,0.0,1.62,0.0,0.0,0.0,0.6154,0.0,0.1538,0.0,0.6154,1,1,7227.46,25199,0,
10.143.2.91_20220121175129,10.143.2.91_20220121175129,10.143.2.91,LOCAL,0,0,4696.0,185,2.36,0.0,3.08,0.0,0.0,0.0,0.3351,0.0,0.3514,0.2162,0.4595,3,1,6772.11,71842,0,
10.143.2.4_20220121192830,10.143.2.4_20220121192830,10.143.2.4,LOCAL,0,1,0.0,1,60.0,0.0,1.0,0.0,0.0,0.0,1.0,0.0,1.0,0.0,1.0,1,1,150.0,150,0,
10.143.2.4_20220121210325,10.143.2.4_20220121210325,10.143.2.4,LOCAL,0,1,0.0,1,60.0,0.0,1.0,0.0,0.0,0.0,1.0,0.0,1.0,0.0,1.0,1,1,150.0,150,0,
10.143.2.4_20220121212552,10.143.2.4_20220121212552,10.143.2.4,LOCAL,0,1,0.0,1,60.0,0.0,1.0,0.0,0.0,0.0,1.0,0.0,1.0,0.0,1.0,1,1,150.0,150,0,
::1_20220121203631,::1_20220121203631,::1,LOCAL,0,1,775.0,16,1.24,0.0,0.0,0.0,0.0,0.0,0.0,1.0,0.0625,0.0,0.0,1,2,112.0,126,2,Scanner_Bot
10.143.3.65_20220121204908,10.143.3.65_20220121204908,10.143.3.65,LOCAL,0,1,2205.0,323,8.79,0.0,4.59,0.0031,0.0,0.0,0.0062,0.0279,0.6749,0.6594,0.0248,6,1,9349.86,541970,0,
::1_20220121214742,::1_20220121214742,::1,LOCAL,0,1,0.0,1,60.0,0.0,0.0,0.0,0.0,0.0,0.0,1.0,1.0,0.0,0.0,1,1,110.0,110,0,
172.19.130.68_20220121200333,172.19.130.68_20220121120211,172.19.130.68,LOCAL,0,1,7200.0,1131,9.43,0.0,4.88,0.0,0.0,0.0,0.0044,0.0159,0.1981,0.5897,0.0354,5,2,7461.5,544402,0,
::1_20220121220154,::1_20220121220154,::1,LOCAL,0,1,5.0,7,84.0,0.0,0.0,0.0,0.0,0.0,0.0,1.0,0.1429,0.0,0.0,1,2,119.14,126,4,Scanner_Bot
10.143.2.4_20220121214736,10.143.2.4_20220121214736,10.143.2.4,LOCAL,0,1,0.0,1,60.0,0.0,1.0,0.0,0.0,0.0,1.0,0.0,1.0,0.0,1.0,1,1,150.0,150,0,
172.19.131.174_20220121204749,172.19.131.174_20220121104550,172.19.131.174,LOCAL,0,1,7200.0,397,3.31,0.0,5.76,0.0101,0.0,0.0,0.0151,0.0,0.2645,0.2947,0.073,4,2,5144.8,107683,0,
172.19.130.68_20220121220348,172.19.130.68_20220121120211,172.19.130.68,LOCAL,0,1,7185.0,389,3.25,0.0,5.98,0.0,0.0,0.0,0.0026,0.0077,0.2468,0.2288,0.0694,4,2,5908.64,107362,0,
172.19.131.174_20220121224819,172.19.131.174_20220121104550,172.19.131.174,LOCAL,0,1,7200.0,265,2.21,14.0,6.82,0.0,0.0,0.0,0.0,0.0,0.0075,0.0,0.0906,1,1,2393.24,2480,0,
172.19.130.68_20220122000349,172.19.130.68_20220121120211,172.19.130.68,LOCAL,0,1,7200.0,265,2.21,14.0,6.82,0.0,0.0,0.0,0.0,0.0,0.0075,0.0,0.0906,1,1,4825.24,4912,0,
172.19.131.174_20220122004833,172.19.131.174_20220121104550,172.19.131.174,LOCAL,0,1,7200.0,265,2.21,14.0,6.81,0.0,0.0,0.0,0.0,0.0,0.0075,0.0,0.0943,1,1,2389.62,2480,0,
172.19.130.68_20220122020419,172.19.130.68_20220121120211,172.19.130.68,LOCAL,0,1,7200.0,265,2.21,14.0,6.82,0.0,0.0,0.0,0.0,0.0,0.0075,0.0,0.0906,1,1,4825.24,4912,0,
172.19.131.174_20220122024849,172.19.131.174_20220121104550,172.19.131.174,LOCAL,0,1,7200.0,265,2.21,14.0,6.82,0.0,0.0,0.0,0.0,0.0,0.0075,0.0,0.0906,1,1,2393.24,2480,0,
::1_20220121222249,::1_20220121222249,::1,LOCAL,0,1,672.0,6,0.54,1.0,0.0,0.0,0.0,0.0,0.0,1.0,0.1667,0.0,0.0,1,2,112.67,126,1,Scanner_Bot
10.143.2.4_20220121223355,10.143.2.4_20220121223355,10.143.2.4,LOCAL,0,1,0.0,1,60.0,0.0,1.0,0.0,0.0,0.0,1.0,0.0,1.0,0.0,1.0,1,1,150.0,150,0,
10.143.3.65_20220121220142,10.143.3.65_20220121220142,10.143.3.65,LOCAL,0,1,756.0,246,19.52,0.0,4.16,0.0,0.0,0.0,0.0041,0.0203,0.8415,0.8008,0.0163,4,1,5036.35,107683,0,
172.19.130.68_20220122040449,172.19.130.68_20220121120211,172.19.130.68,LOCAL,0,1,7200.0,265,2.21,14.0,6.82,0.0,0.0,0.0,0.0,0.0,0.0075,0.0,0.0906,1,1,4825.24,4912,0,
10.143.2.25_20220121201010,10.143.2.25_20220121180956,10.143.2.25,LOCAL,0,1,2135.0,247,6.94,0.0,3.9,0.0,0.0,0.0,0.0283,0.0162,0.4939,0.6964,0.0931,3,1,4871.78,541394,0,
172.19.131.174_20220122044919,172.19.131.174_20220121104550,172.19.131.174,LOCAL,0,1,7200.0,1014,8.45,0.0,4.44,0.0,0.0,0.0,0.0562,0.0,0.2022,0.6371,0.071,2,1,2789.62,51116,0,
::1_20220122054227,::1_20220122054227,::1,LOCAL,0,1,4007.0,62,0.93,1.0,0.0,0.0,0.0,0.0,0.0,1.0,0.0161,0.0,0.0,1,2,110.77,126,3,Scanner_Bot
::1_20220122065955,::1_20220122065955,::1,LOCAL,0,0,31.0,5,9.68,1.0,0.0,0.0,0.0,0.0,0.0,1.0,0.2,0.0,0.0,1,1,110.0,110,0,
10.143.2.25_20220122062509,10.143.2.25_20220122062509,10.143.2.25,LOCAL,0,0,2047.0,208,6.1,0.0,3.87,0.0,0.0,0.0,0.1202,0.0,0.7163,0.8462,0.024,2,1,3087.64,51116,0,
10.143.2.4_20220122055813,10.143.2.4_20220122055813,10.143.2.4,LOCAL,0,1,0.0,2,120.0,0.0,1.0,0.0,0.0,0.0,0.5,0.0,1.0,0.0,0.5,1,1,4644.0,9138,0,
::1_20220122071407,::1_20220122071407,::1,LOCAL,0,0,0.0,1,60.0,0.0,0.0,0.0,0.0,0.0,0.0,1.0,1.0,0.0,0.0,1,1,110.0,110,0,
::1_20220122073116,::1_20220122073116,::1,LOCAL,0,0,0.0,1,60.0,0.0,0.0,0.0,0.0,0.0,0.0,1.0,1.0,0.0,0.0,1,1,110.0,110,0,
10.143.2.25_20220122072647,10.143.2.25_20220122072647,10.143.2.25,LOCAL,0,0,387.0,26,4.03,0.0,5.08,0.0,0.0,0.0,0.0,0.0,0.6923,0.8846,0.0,1,1,17709.65,79823,0,
172.19.130.68_20220122060519,172.19.130.68_20220121120211,172.19.130.68,LOCAL,0,0,7200.0,554,4.62,0.0,5.63,0.0,0.0,0.0,0.0018,0.0181,0.3845,0.3574,0.056,4,2,16508.11,6128195,0,
10.143.3.65_20220122055813,10.143.3.65_20220122055813,10.143.3.65,LOCAL,0,1,7046.0,633,5.39,0.0,4.09,0.0095,0.0,0.0,0.1216,0.0158,0.6509,0.654,0.09,5,1,15226.25,6128195,0,
10.143.2.4_20220122072648,10.143.2.4_20220122072648,10.143.2.4,LOCAL,0,0,0.0,1,60.0,0.0,1.0,0.0,0.0,0.0,1.0,0.0,1.0,0.0,1.0,1,1,150.0,150,0,
172.19.131.174_20220122064949,172.19.131.174_20220121104550,172.19.131.174,LOCAL,0,0,7200.0,829,6.91,0.0,4.55,0.0,0.0,0.0,0.0712,0.0,0.2509,0.5597,0.0784,2,1,2888.45,51116,0,
10.143.2.91_20220122082813,10.143.2.91_20220122082813,10.143.2.91,LOCAL,0,0,1591.0,38,1.43,0.0,4.21,0.0526,0.0,0.0,0.1053,0.0,0.5526,0.7105,0.1053,2,1,14437.24,79823,0,
10.143.2.4_20220122082813,10.143.2.4_20220122082813,10.143.2.4,LOCAL,0,0,0.0,1,60.0,0.0,1.0,0.0,0.0,0.0,1.0,0.0,1.0,0.0,1.0,1,1,150.0,150,0,
10.143.2.91_20220122091246,10.143.2.91_20220122091246,10.143.2.91,LOCAL,0,0,1467.0,209,8.55,0.0,3.58,0.0,0.0,0.0,0.1148,0.0,0.8278,0.7464,0.1531,2,1,3332.31,41748,0,
::1_20220122075146,::1_20220122075146,::1,LOCAL,0,0,7125.0,121,1.02,1.0,0.0,0.0,0.0,0.0,0.0,1.0,0.0083,0.0,0.0,1,2,110.4,126,3,Scanner_Bot
172.19.130.68_20220122080549,172.19.130.68_20220121120211,172.19.130.68,LOCAL,0,0,7200.0,640,5.33,0.0,5.4,0.0,0.0,0.0,0.0031,0.0031,0.3125,0.425,0.05,4,2,5820.24,107362,0,
10.143.2.25_20220122080545,10.143.2.25_20220122080545,10.143.2.25,LOCAL,0,0,7194.0,700,5.84,0.0,3.74,0.0,0.0,0.0,0.1386,0.0,0.27,0.7971,0.0629,2,1,4894.48,79823,0,
10.143.3.65_20220122082300,10.143.3.65_20220122082300,10.143.3.65,LOCAL,0,0,4295.0,358,5.0,0.0,4.5,0.0,0.0,0.0,0.1285,0.0056,0.6341,0.5559,0.0531,4,1,4272.91,107683,0,
10.143.2.4_20220122093435,10.143.2.4_20220122093435,10.143.2.4,LOCAL,0,0,0.0,1,60.0,0.0,1.0,0.0,0.0,0.0,1.0,0.0,1.0,0.0,1.0,1,1,150.0,150,0,
172.19.131.174_20220122084950,172.19.131.174_20220121104550,172.19.131.174,LOCAL,0,0,7199.0,1323,11.03,0.0,4.1,0.0008,0.0,0.0,0.0869,0.0,0.2328,0.6206,0.1028,4,2,4997.11,107683,0,
::1_20220122095156,::1_20220122075146,::1,LOCAL,0,0,3064.0,37,0.72,0.0,0.0,0.0,0.0,0.0,0.0,1.0,0.027,0.0,0.0,1,2,113.89,126,9,Scanner_Bot
10.143.2.25_20220122100639,10.143.2.25_20220122080545,10.143.2.25,LOCAL,0,0,0.0,1,60.0,0.0,4.0,0.0,0.0,0.0,1.0,0.0,1.0,0.0,0.0,1,1,1000.0,1000,0,
10.143.3.65_20220122103403,10.143.3.65_20220122103403,10.143.3.65,LOCAL,0,0,560.0,13,1.39,0.0,1.77,0.0,0.0,0.0,0.7692,0.0,0.1538,0.0,0.7692,1,1,5241.46,28670,0,
10.143.2.4_20220122104724,10.143.2.4_20220122104724,10.143.2.4,LOCAL,0,0,0.0,1,60.0,0.0,1.0,0.0,0.0,0.0,1.0,0.0,1.0,0.0,1.0,1,1,150.0,150,0,
10.143.2.91_20220122094756,10.143.2.91_20220122094756,10.143.2.91,LOCAL,0,0,7198.0,625,5.21,0.0,3.38,0.0096,0.0,0.0,0.0864,0.0,0.4288,0.7488,0.152,4,1,6665.61,107683,0,
172.19.130.68_20220122100619,172.19.130.68_20220121120211,172.19.130.68,LOCAL,0,0,7200.0,1131,9.43,0.0,4.75,0.0,0.0,0.0,0.0053,0.0097,0.1866,0.5862,0.0354,6,2,7806.07,1022460,0,
10.143.3.65_20220122110342,10.143.3.65_20220122110342,10.143.3.65,LOCAL,0,0,2528.0,116,2.75,0.0,5.29,0.0,0.0,0.0,0.0517,0.0259,0.2759,0.1121,0.2069,4,1,11671.8,1022543,0,
172.19.131.174_20220122105019,172.19.131.174_20220121104550,172.19.131.174,LOCAL,0,0,7200.0,845,7.04,0.0,4.64,0.0,0.0,0.0,0.0592,0.0,0.3479,0.5692,0.0615,3,2,5246.07,107683,0,
10.143.2.25_20220122105602,10.143.2.25_20220122105602,10.143.2.25,LOCAL,0,0,5113.0,980,11.5,0.0,3.96,0.0,0.0,0.0,0.0551,0.0082,0.4061,0.8102,0.0388,6,1,3417.16,107683,0,
10.143.2.4_20220122113134,10.143.2.4_20220122113134,10.143.2.4,LOCAL,0,0,0.0,1,60.0,0.0,1.0,0.0,0.0,0.0,1.0,0.0,1.0,0.0,1.0,1,1,150.0,150,0,
::1_20220122105455,::1_20220122105455,::1,LOCAL,0,0,5552.0,121,1.31,0.0,0.0,0.0,0.0,0.0,0.0,1.0,0.0083,0.0,0.0,1,2,111.85,126,14,Scanner_Bot
::1_20220122125748,::1_20220122125748,::1,LOCAL,0,0,588.0,11,1.12,0.0,0.0,0.0,0.0,0.0,0.0,1.0,0.0909,0.0,0.0,1,2,111.45,126,1,Scanner_Bot
10.143.2.25_20220122125442,10.143.2.25_20220122125442,10.143.2.25,LOCAL,0,0,1048.0,241,13.8,0.0,4.32,0.0,0.0,0.0,0.0,0.0373,0.8091,0.7718,0.0207,4,1,4734.98,107683,0,
10.143.2.4_20220122125442,10.143.2.4_20220122125442,10.143.2.4,LOCAL,0,0,3.68,4,65.3,0.0,0.5,0.0,0.0,0.0,0.25,0.0,0.5,0.0,0.25,1,1,2322.0,9138,0,
::1_20220122131857,::1_20220122131857,::1,LOCAL,0,0,973.0,18,1.11,1.0,0.0,0.0,0.0,0.0,0.0,1.0,0.0556,0.0,0.0,1,2,110.89,126,1,Scanner_Bot
10.143.2.91_20220122114805,10.143.2.91_20220122094756,10.143.2.91,LOCAL,0,0,7185.0,532,4.44,0.0,3.65,0.0,0.0,0.0,0.3177,0.0,0.4925,0.532,0.1053,3,1,4803.18,107661,0,
10.143.3.65_20220122124224,10.143.3.65_20220122124224,10.143.3.65,LOCAL,0,0,3479.0,119,2.05,0.0,3.49,0.0,0.0,0.0,0.3361,0.0084,0.5546,0.3025,0.2521,4,1,3664.6,25551,0,
172.19.130.68_20220122120649,172.19.130.68_20220121120211,172.19.130.68,LOCAL,0,0,7200.0,693,5.78,0.0,5.04,0.0,0.0,0.0,0.0043,0.0144,0.3016,0.5123,0.0433,5,2,6217.25,107362,0,
10.143.2.25_20220122132846,10.143.2.25_20220122132846,10.143.2.25,LOCAL,0,0,476.0,29,3.66,0.0,4.9,0.0,0.0,0.0,0.069,0.0,0.6897,0.8276,0.069,1,1,16538.45,79823,0,
::1_20220122134655,::1_20220122134655,::1,LOCAL,0,0,489.0,6,0.74,1.0,0.0,0.0,0.0,0.0,0.0,1.0,0.1667,0.0,0.0,1,1,110.0,110,0,
10.143.2.91_20220122134850,10.143.2.91_20220122094756,10.143.2.91,LOCAL,0,0,821.0,65,4.75,0.0,3.68,0.0154,0.0,0.0,0.2615,0.0,0.7385,0.4615,0.1385,3,1,5772.08,32231,0,
10.143.2.4_20220122132846,10.143.2.4_20220122132846,10.143.2.4,LOCAL,0,0,0.0,1,60.0,0.0,1.0,0.0,0.0,0.0,1.0,0.0,1.0,0.0,1.0,1,1,150.0,150,0,
10.143.2.91_20220122142105,10.143.2.91_20220122142105,10.143.2.91,LOCAL,0,0,859.0,23,1.61,0.0,4.57,0.0435,0.0,0.0,0.0,0.0,0.8261,0.7826,0.0,2,1,19700.22,79823,0,
172.19.131.174_20220122125049,172.19.131.174_20220121104550,172.19.131.174,LOCAL,0,0,7200.0,1063,8.86,0.0,4.48,0.0009,0.0,0.0,0.0771,0.0,0.2766,0.6218,0.0564,5,2,4153.65,107683,0,
::1_20220122141007,::1_20220122141007,::1,LOCAL,0,0,2616.0,55,1.26,1.0,0.0,0.0,0.0,0.0,0.0,1.0,0.0182,0.0,0.0,1,2,110.29,126,1,Scanner_Bot
::1_20220122150443,::1_20220122150443,::1,LOCAL,0,0,678.0,20,1.77,0.0,0.0,0.0,0.0,0.0,0.0,1.0,0.05,0.0,0.0,1,2,111.6,126,2,Scanner_Bot
10.143.3.65_20220122135432,10.143.3.65_20220122135432,10.143.3.65,LOCAL,0,0,7161.0,217,1.82,0.0,4.23,0.0,0.0,0.0,0.2949,0.0046,0.1751,0.0184,0.3456,3,1,4337.67,25550,0,
172.19.130.68_20220122140719,172.19.130.68_20220121120211,172.19.130.68,LOCAL,0,0,7200.0,538,4.48,0.0,5.57,0.0,0.0,0.0,0.0037,0.0019,0.1729,0.3401,0.0576,4,2,6464.57,107362,0,
10.143.2.25_20220122140951,10.143.2.25_20220122140951,10.143.2.25,LOCAL,0,0,7134.0,779,6.55,0.0,3.66,0.0,0.0,0.0,0.1091,0.0,0.276,0.8241,0.0629,2,1,4043.89,79823,0,
10.143.2.4_20220122142728,10.143.2.4_20220122142728,10.143.2.4,LOCAL,0,0,0.0,1,60.0,0.0,1.0,0.0,0.0,0.0,1.0,0.0,1.0,0.0,1.0,1,1,150.0,150,0,
10.143.2.4_20220122161002,10.143.2.4_20220122161002,10.143.2.4,LOCAL,0,0,0.0,1,60.0,0.0,1.0,0.0,0.0,0.0,1.0,0.0,1.0,0.0,1.0,1,1,150.0,150,0,
172.19.131.174_20220122145119,172.19.131.174_20220121104550,172.19.131.174,LOCAL,0,0,7200.0,1431,11.93,0.0,4.0,0.0,0.0,0.0,0.1474,0.0,0.202,0.5765,0.102,3,2,3500.6,107683,0,
10.143.2.91_20220122144844,10.143.2.91_20220122144844,10.143.2.91,LOCAL,0,0,0.0,1,60.0,0.0,1.0,0.0,0.0,0.0,0.0,0.0,1.0,0.0,0.0,1,1,6203.0,6203,0,
::1_20220122152735,::1_20220122152735,::1,LOCAL,0,0,4421.0,69,0.94,1.0,0.0,0.0,0.0,0.0,0.0,1.0,0.0145,0.0,0.0,1,1,110.0,110,0,
10.143.3.65_20220122155446,10.143.3.65_20220122135432,10.143.3.65,LOCAL,0,0,2641.0,30,0.68,0.0,3.63,0.0,0.0,0.0,0.7667,0.0,0.5333,0.0333,0.1,1,1,3455.47,25551,0,
10.143.2.25_20220122161002,10.143.2.25_20220122140951,10.143.2.25,LOCAL,0,0,991.0,43,2.6,0.0,5.0,0.0,0.0,0.0,0.0698,0.0,0.4651,0.814,0.0698,1,1,19683.37,79823,0,
10.143.2.4_20220122162633,10.143.2.4_20220122162633,10.143.2.4,LOCAL,0,0,0.0,1,60.0,0.0,1.0,0.0,0.0,0.0,1.0,0.0,1.0,0.0,1.0,1,1,150.0,150,0,
::1_20220122170827,::1_20220122170827,::1,LOCAL,0,0,269.0,11,2.45,0.0,0.0,0.0,0.0,0.0,0.0,1.0,0.0909,0.0,0.0,1,2,117.27,126,5,Scanner_Bot
172.19.130.68_20220122160749,172.19.130.68_20220121120211,172.19.130.68,LOCAL,0,0,7200.0,1401,11.68,0.0,4.5,0.0,0.0,0.0,0.0071,0.0171,0.1549,0.6652,0.0264,6,2,6885.96,107362,0,
10.143.2.91_20220122174750,10.143.2.91_20220122174750,10.143.2.91,LOCAL,0,0,155.0,181,70.06,0.0,3.36,0.0,0.0,0.0,0.0166,0.0,0.4586,0.9337,0.0,3,1,9768.36,107683,0,
::1_20220122172417,::1_20220122172417,::1,LOCAL,0,0,2850.0,72,1.52,0.0,0.0,0.0,0.0,0.0,0.0,1.0,0.0139,0.0,0.0,1,2,116.44,126,29,Scanner_Bot
10.143.2.91_20220122183029,10.143.2.91_20220122183029,10.143.2.91,LOCAL,0,0,146.0,176,72.33,0.0,3.38,0.0,0.0,0.0,0.0114,0.0,0.4716,0.9432,0.0,3,1,9901.16,107683,0,
::1_20220122183039,::1_20220122183039,::1,LOCAL,0,0,144.0,11,4.58,0.0,0.0,0.0,0.0,0.0,0.0,1.0,0.0909,0.0,0.0,1,2,117.27,126,5,Scanner_Bot
172.19.131.174_20220122165126,172.19.131.174_20220121104550,172.19.131.174,LOCAL,0,0,7193.0,855,7.13,0.0,4.53,0.0012,0.0,0.0,0.0702,0.0,0.2363,0.5708,0.0667,4,2,6598.41,107683,0,
::1_20220122184811,::1_20220122184811,::1,LOCAL,0,0,4.0,6,90.0,0.0,0.0,0.0,0.0,0.0,0.0,1.0,0.1667,0.0,0.0,1,2,118.0,126,3,Scanner_Bot
10.143.2.4_20220122173644,10.143.2.4_20220122173644,10.143.2.4,LOCAL,0,0,0.0,1,60.0,0.0,1.0,0.0,0.0,0.0,1.0,0.0,1.0,0.0,1.0,1,1,150.0,150,0,
10.143.2.25_20220122170812,10.143.2.25_20220122170812,10.143.2.25,LOCAL,0,0,7192.0,948,7.91,0.0,4.6,0.0,0.0,0.0,0.0053,0.038,0.2479,0.6835,0.0232,6,1,5717.7,541969,0,
10.143.2.4_20220122190536,10.143.2.4_20220122190536,10.143.2.4,LOCAL,0,1,0.0,1,60.0,0.0,1.0,0.0,0.0,0.0,1.0,0.0,1.0,0.0,1.0,1,1,150.0,150,0,
::1_20220122190418,::1_20220122190418,::1,LOCAL,0,1,1226.0,4,0.2,261.0,0.0,0.0,0.0,0.0,0.0,1.0,0.25,0.0,0.0,1,2,114.0,126,1,Scanner_Bot
::1_20220122194010,::1_20220122194010,::1,LOCAL,0,1,0.0,1,60.0,0.0,0.0,0.0,0.0,0.0,0.0,1.0,1.0,0.0,0.0,1,1,110.0,110,0,
::1_20220122195035,::1_20220122195035,::1,LOCAL,0,1,0.0,1,60.0,0.0,0.0,0.0,0.0,0.0,0.0,1.0,1.0,0.0,0.0,1,1,110.0,110,0,
172.19.130.68_20220122180750,172.19.130.68_20220121120211,172.19.130.68,LOCAL,0,0,7199.0,1069,8.91,0.0,5.3,0.0,0.0,0.0,0.0047,0.0159,0.203,0.4378,0.0458,4,2,6938.71,544401,0,
10.143.2.91_20220122184802,10.143.2.91_20220122184802,10.143.2.91,LOCAL,0,0,5.0,88,1056.0,0.0,3.38,0.0,0.0,0.0,0.0114,0.0,0.9432,0.9432,0.0,3,1,9900.5,107683,0,
::1_20220122200140,::1_20220122200140,::1,LOCAL,0,1,421.0,2,0.29,421.0,0.0,0.0,0.0,0.0,0.0,1.0,0.5,0.0,0.0,1,1,110.0,110,0,
172.19.131.174_20220122185149,172.19.131.174_20220121104550,172.19.131.174,LOCAL,0,0,7200.0,533,4.44,0.0,5.53,0.0,0.0,0.0,0.0469,0.0,0.1914,0.4184,0.0901,3,1,8533.51,107656,0,
10.143.2.25_20220122190834,10.143.2.25_20220122170812,10.143.2.25,LOCAL,0,1,7200.0,272,2.27,0.0,6.8,0.0,0.0,0.0,0.0,0.011,0.0294,0.0,0.0846,2,1,2395.97,4225,0,
172.19.130.68_20220122200804,172.19.130.68_20220121120211,172.19.130.68,LOCAL,0,1,7185.0,658,5.49,0.0,5.83,0.0,0.0,0.0,0.003,0.0,0.1292,0.2751,0.0653,3,2,6197.95,107362,0,
172.19.131.174_20220122205219,172.19.131.174_20220121104550,172.19.131.174,LOCAL,0,1,7200.0,265,2.21,14.0,6.82,0.0,0.0,0.0,0.0,0.0,0.0075,0.0,0.0906,1,1,2393.24,2480,0,
172.19.130.68_20220122220819,172.19.130.68_20220121120211,172.19.130.68,LOCAL,0,1,7200.0,265,2.21,14.0,6.82,0.0,0.0,0.0,0.0,0.0,0.0075,0.0,0.0906,1,1,4825.24,4912,0,
172.19.131.174_20220122225249,172.19.131.174_20220121104550,172.19.131.174,LOCAL,0,1,7200.0,265,2.21,14.0,6.82,0.0,0.0,0.0,0.0,0.0,0.0075,0.0,0.0906,1,1,2393.24,2480,0,
172.19.130.68_20220123000833,172.19.130.68_20220121120211,172.19.130.68,LOCAL,0,1,7200.0,265,2.21,14.0,6.81,0.0,0.0,0.0,0.0,0.0,0.0075,0.0,0.0943,1,1,4821.62,4912,0,
172.19.131.174_20220123005319,172.19.131.174_20220121104550,172.19.131.174,LOCAL,0,1,7200.0,265,2.21,14.0,6.82,0.0,0.0,0.0,0.0,0.0,0.0075,0.0,0.0906,1,1,2393.24,2480,0,
172.19.130.68_20220123020849,172.19.130.68_20220121120211,172.19.130.68,LOCAL,0,1,7200.0,265,2.21,14.0,6.82,0.0,0.0,0.0,0.0,0.0,0.0075,0.0,0.0906,1,1,4825.24,4912,0,
172.19.131.174_20220123025333,172.19.131.174_20220121104550,172.19.131.174,LOCAL,0,1,7200.0,265,2.21,14.0,6.81,0.0,0.0,0.0,0.0,0.0,0.0075,0.0,0.0943,1,1,2389.62,2480,0,
10.143.2.25_20220122210904,10.143.2.25_20220122170812,10.143.2.25,LOCAL,0,1,1890.0,71,2.25,11.0,6.8,0.0,0.0,0.0,0.0,0.0,0.0282,0.0,0.0986,1,1,2400.06,2495,0,
::1_20220122203627,::1_20220122203627,::1,LOCAL,0,1,135.0,13,5.78,0.0,0.0,0.0,0.0,0.0,0.0,1.0,0.0769,0.0,0.0,1,2,118.62,126,7,Scanner_Bot
172.19.130.68_20220123040919,172.19.130.68_20220121120211,172.19.130.68,LOCAL,0,1,7200.0,265,2.21,14.0,6.82,0.0,0.0,0.0,0.0,0.0,0.0075,0.0,0.0906,1,1,4825.24,4912,0,
::1_20220123055017,::1_20220123055017,::1,LOCAL,0,1,1273.0,22,1.04,1.0,0.0,0.0,0.0,0.0,0.0,1.0,0.0455,0.0,0.0,1,1,110.0,110,0,
10.143.2.91_20220122203621,10.143.2.91_20220122203621,10.143.2.91,LOCAL,0,1,6.0,88,880.0,0.0,3.38,0.0,0.0,0.0,0.0114,0.0,0.9432,0.9432,0.0,3,1,9900.75,107683,0,
10.143.2.4_20220122193307,10.143.2.4_20220122193307,10.143.2.4,LOCAL,0,1,0.0,1,60.0,0.0,1.0,0.0,0.0,0.0,1.0,0.0,1.0,0.0,1.0,1,1,150.0,150,0,
172.19.131.174_20220123045349,172.19.131.174_20220121104550,172.19.131.174,LOCAL,0,1,7200.0,463,3.86,0.0,5.35,0.0,0.0,0.0,0.0173,0.0,0.2441,0.3801,0.0864,2,1,2632.37,41172,0,
10.143.2.25_20220123055009,10.143.2.25_20220123055009,10.143.2.25,LOCAL,0,1,3801.0,436,6.88,0.0,3.39,0.0,0.0,0.0,0.0826,0.0,0.3417,0.8417,0.0894,2,1,2774.11,41748,0,
::1_20220123062348,::1_20220123062348,::1,LOCAL,0,0,2169.0,18,0.5,1.0,0.0,0.0,0.0,0.0,0.0,1.0,0.0556,0.0,0.0,1,1,110.0,110,0,
10.143.2.91_20220123063613,10.143.2.91_20220123063613,10.143.2.91,LOCAL,0,0,1.0,8,480.0,0.0,4.0,0.125,0.0,0.0,0.0,0.0,1.0,0.875,0.0,2,1,6417.75,23204,0,
10.143.3.65_20220122174741,10.143.3.65_20220122174741,10.143.3.65,LOCAL,0,0,2138.0,84,2.36,0.0,6.06,0.0119,0.0,0.0,0.0,0.0238,0.2143,0.0833,0.0595,4,1,5310.88,245956,0,
10.143.2.4_20220123063614,10.143.2.4_20220123063614,10.143.2.4,LOCAL,0,0,0.0,2,120.0,0.0,1.0,0.0,0.0,0.0,0.5,0.0,1.0,0.0,0.5,1,1,4644.0,9138,0,
10.143.2.25_20220123071221,10.143.2.25_20220123071221,10.143.2.25,LOCAL,0,0,1327.0,288,13.02,0.0,4.35,0.0,0.0,0.0,0.0069,0.0278,0.7222,0.7535,0.0104,4,1,4744.9,107683,0,
172.19.130.68_20220123060949,172.19.130.68_20220121120211,172.19.130.68,LOCAL,0,0,7200.0,1060,8.83,0.0,4.58,0.0,0.0,0.0,0.0057,0.0085,0.2019,0.6594,0.0264,4,2,6377.75,107362,0,
10.143.2.91_20220123073925,10.143.2.91_20220123073925,10.143.2.91,LOCAL,0,0,1514.0,208,8.24,0.0,3.66,0.0,0.0,0.0,0.1346,0.0,0.8462,0.7356,0.0865,2,1,3687.02,51116,0,
172.19.131.174_20220123065419,172.19.131.174_20220121104550,172.19.131.174,LOCAL,0,0,7200.0,1053,8.78,0.0,4.29,0.0,0.0,0.0,0.0285,0.0,0.2374,0.6781,0.0456,3,1,6082.69,107683,0,
::1_20220123071235,::1_20220123071235,::1,LOCAL,0,0,7138.0,122,1.03,0.0,0.0,0.0,0.0,0.0,0.0,1.0,0.0082,0.0,0.0,1,2,113.15,126,24,Scanner_Bot
10.143.3.65_20220123074028,10.143.3.65_20220123074028,10.143.3.65,LOCAL,0,0,7114.0,552,4.66,0.0,3.5,0.0,0.0,0.0,0.1359,0.0018,0.6902,0.6522,0.1667,5,1,5892.49,107683,0,
10.143.2.4_20220123075424,10.143.2.4_20220123075424,10.143.2.4,LOCAL,0,0,0.0,1,60.0,0.0,1.0,0.0,0.0,0.0,1.0,0.0,1.0,0.0,1.0,1,1,150.0,150,0,
10.143.2.25_20220123080612,10.143.2.25_20220123080612,10.143.2.25,LOCAL,0,0,6417.0,883,8.26,0.0,3.49,0.0,0.0,0.0,0.1031,0.0,0.2288,0.8245,0.0781,2,1,2940.07,51692,0,
172.19.130.68_20220123081019,172.19.130.68_20220121120211,172.19.130.68,LOCAL,0,0,7200.0,556,4.63,0.0,5.03,0.0,0.0,0.0,0.0054,0.0,0.1529,0.5018,0.0432,3,2,7228.34,107362,0,
10.143.2.91_20220123082652,10.143.2.91_20220123082652,10.143.2.91,LOCAL,0,0,7163.0,195,1.63,0.0,3.49,0.0103,0.0,0.0,0.3949,0.0,0.4308,0.2923,0.2923,3,1,5965.32,79823,0,
10.143.2.4_20220123094643,10.143.2.4_20220123094643,10.143.2.4,LOCAL,0,0,0.0,1,60.0,0.0,1.0,0.0,0.0,0.0,1.0,0.0,1.0,0.0,1.0,1,1,150.0,150,0,
10.143.2.91_20220123103040,10.143.2.91_20220123082652,10.143.2.91,LOCAL,0,0,70.0,5,4.29,0.0,1.8,0.0,0.0,0.0,0.8,0.0,0.4,0.0,0.8,1,1,3708.6,6203,0,
172.19.131.174_20220123085449,172.19.131.174_20220121104550,172.19.131.174,LOCAL,0,0,7200.0,1182,9.85,0.0,4.3,0.0017,0.0,0.0,0.0541,0.0,0.258,0.6421,0.0888,4,2,5155.81,107683,0,
::1_20220123091851,::1_20220123071235,::1,LOCAL,0,0,7115.0,145,1.22,0.0,0.0,0.0,0.0,0.0,0.0,1.0,0.0069,0.0,0.0,1,2,111.1,126,10,Scanner_Bot
10.143.3.65_20220123094305,10.143.3.65_20220123074028,10.143.3.65,LOCAL,0,0,3969.0,120,1.81,0.0,3.43,0.0,0.0,0.0,0.4917,0.0,0.2083,0.0,0.2417,2,1,8843.44,32231,0,
10.143.2.4_20220123103150,10.143.2.4_20220123103150,10.143.2.4,LOCAL,0,0,0.0,1,60.0,0.0,1.0,0.0,0.0,0.0,1.0,0.0,1.0,0.0,1.0,1,1,150.0,150,0,
10.143.2.25_20220123100851,10.143.2.25_20220123100851,10.143.2.25,LOCAL,0,0,7084.0,1012,8.57,0.0,3.93,0.0,0.0,0.0,0.0563,0.003,0.3953,0.8113,0.0474,3,1,4820.79,230398,0,
10.143.2.4_20220123114636,10.143.2.4_20220123114636,10.143.2.4,LOCAL,0,0,0.0,1,60.0,0.0,1.0,0.0,0.0,0.0,1.0,0.0,1.0,0.0,1.0,1,1,150.0,150,0,
172.19.130.68_20220123101049,172.19.130.68_20220121120211,172.19.130.68,LOCAL,0,0,7200.0,1377,11.47,0.0,4.51,0.0,0.0,0.0,0.0051,0.0065,0.1576,0.6754,0.0254,4,2,7073.85,230398,0,
10.143.2.25_20220123121023,10.143.2.25_20220123100851,10.143.2.25,LOCAL,0,0,686.0,25,2.19,0.0,4.8,0.0,0.0,0.0,0.12,0.0,0.8,0.76,0.12,1,1,17493.88,80012,0,
::1_20220123112127,::1_20220123071235,::1,LOCAL,0,0,3408.0,103,1.81,0.0,0.0,0.0,0.0,0.0,0.0,1.0,0.0097,0.0,0.0,1,2,114.82,126,31,Scanner_Bot
10.143.3.65_20220123112242,10.143.3.65_20220123112242,10.143.3.65,LOCAL,0,0,2434.0,138,3.4,0.0,4.68,0.0,0.0,0.0,0.087,0.0435,0.3913,0.2391,0.2609,3,1,3780.94,57875,0,
172.19.131.174_20220123105500,172.19.131.174_20220121104550,172.19.131.174,LOCAL,0,0,7189.0,1690,14.1,0.0,4.06,0.0,0.0,0.0,0.0746,0.0,0.1799,0.7024,0.055,3,2,5378.29,107683,0,
10.143.2.91_20220123105450,10.143.2.91_20220123105450,10.143.2.91,LOCAL,0,0,7094.0,673,5.69,0.0,3.57,0.0074,0.0,0.0,0.1412,0.0,0.4532,0.7162,0.0877,4,1,7536.4,107683,0,
10.143.2.4_20220123124741,10.143.2.4_20220123124741,10.143.2.4,LOCAL,0,0,0.0,2,120.0,0.0,1.0,0.0,0.0,0.0,0.5,0.0,1.0,0.0,0.5,1,1,4644.0,9138,0,
::1_20220123123532,::1_20220123123532,::1,LOCAL,0,0,3781.0,125,1.98,0.0,0.0,0.0,0.0,0.0,0.0,1.0,0.008,0.0,0.0,1,2,111.15,126,9,Scanner_Bot
10.143.2.91_20220123132949,10.143.2.91_20220123132949,10.143.2.91,LOCAL,0,0,1637.0,12,0.44,0.0,2.08,0.0,0.0,0.0,0.3333,0.0,0.3333,0.1667,0.3333,1,1,9562.83,31376,0,
172.19.130.68_20220123121119,172.19.130.68_20220121120211,172.19.130.68,LOCAL,0,0,7200.0,861,7.17,0.0,4.7,0.0,0.0,0.0,0.007,0.0012,0.2276,0.6086,0.0325,4,2,7186.63,107362,0,
10.143.2.4_20220123132949,10.143.2.4_20220123132949,10.143.2.4,LOCAL,0,0,0.0,1,60.0,0.0,1.0,0.0,0.0,0.0,1.0,0.0,1.0,0.0,1.0,1,1,150.0,150,0,
10.143.2.25_20220123123520,10.143.2.25_20220123123520,10.143.2.25,LOCAL,0,0,7182.0,1074,8.97,0.0,3.72,0.0,0.0,0.0,0.0987,0.0019,0.3361,0.8436,0.0438,3,1,3402.48,107683,0,
10.143.2.91_20220123141008,10.143.2.91_20220123141008,10.143.2.91,LOCAL,0,0,1053.0,102,5.81,0.0,3.36,0.0196,0.0,0.0,0.0196,0.0,0.8824,0.9118,0.0,4,1,9301.2,107683,0,
::1_20220123135419,::1_20220123135419,::1,LOCAL,0,0,2397.0,56,1.4,0.0,0.0,0.0,0.0,0.0,0.0,1.0,0.0179,0.0,0.0,1,2,110.86,126,3,Scanner_Bot
10.143.3.65_20220123124124,10.143.3.65_20220123124124,10.143.3.65,LOCAL,0,0,5352.0,629,7.05,0.0,3.8,0.0032,0.0,0.0,0.0747,0.0016,0.6169,0.744,0.1176,5,1,4888.36,107683,0,
172.19.131.174_20220123125502,172.19.131.174_20220121104550,172.19.131.174,LOCAL,0,0,7127.0,956,8.05,0.0,4.42,0.0,0.0,0.0,0.159,0.0,0.2364,0.4205,0.181,2,2,4360.77,79823,0,
::1_20220123144538,::1_20220123144538,::1,LOCAL,0,0,370.0,8,1.3,0.0,0.0,0.0,0.0,0.0,0.0,1.0,0.125,0.0,0.0,1,2,118.0,126,4,Scanner_Bot
10.143.2.4_20220123142741,10.143.2.4_20220123142741,10.143.2.4,LOCAL,0,0,0.0,1,60.0,0.0,1.0,0.0,0.0,0.0,1.0,0.0,1.0,0.0,1.0,1,1,150.0,150,0,
::1_20220123150500,::1_20220123150500,::1,LOCAL,0,0,139.0,12,5.18,1.0,0.0,0.0,0.0,0.0,0.0,1.0,0.0833,0.0,0.0,1,2,112.67,126,2,Scanner_Bot
10.143.3.65_20220123144857,10.143.3.65_20220123144857,10.143.3.65,LOCAL,0,0,4090.0,582,8.54,0.0,4.43,0.0052,0.0,0.0,0.0103,0.0172,0.4055,0.7199,0.0258,6,1,5547.68,107683,0,
172.19.130.68_20220123141149,172.19.130.68_20220121120211,172.19.130.68,LOCAL,0,0,6892.0,1213,10.56,0.0,4.48,0.0,0.0,0.0,0.0074,0.0165,0.1871,0.6892,0.0239,5,2,6333.06,107362,0,
::1_20220123152758,::1_20220123152758,::1,LOCAL,0,0,2875.0,46,0.96,0.0,0.0,0.0,0.0,0.0,0.0,1.0,0.0217,0.0,0.0,1,2,112.09,126,6,Scanner_Bot
10.143.2.25_20220123143532,10.143.2.25_20220123123520,10.143.2.25,LOCAL,0,0,7187.0,703,5.87,0.0,3.83,0.0,0.0,0.0,0.0754,0.0114,0.2688,0.7041,0.1024,3,1,3330.73,79823,0,
10.143.2.91_20220123144530,10.143.2.91_20220123144530,10.143.2.91,LOCAL,0,0,7.0,88,754.29,0.0,3.38,0.0,0.0,0.0,0.0114,0.0,0.9432,0.9432,0.0,3,1,9913.93,107683,0,
172.19.131.174_20220123145656,172.19.131.174_20220121104550,172.19.131.174,LOCAL,0,0,7000.0,582,4.99,0.0,3.33,0.0034,0.0,0.0,0.2801,0.0,0.4691,0.4948,0.2509,4,2,6272.84,107683,0,
10.143.2.4_20220123152730,10.143.2.4_20220123152730,10.143.2.4,LOCAL,0,0,0.0,1,60.0,0.0,1.0,0.0,0.0,0.0,1.0,0.0,1.0,0.0,1.0,1,1,150.0,150,0,
10.143.2.91_20220123163642,10.143.2.91_20220123163642,10.143.2.91,LOCAL,0,0,1518.0,109,4.31,0.0,3.64,0.0,0.0,0.0,0.0642,0.0,0.945,0.8899,0.0275,2,1,2767.08,41748,0,
::1_20220123163054,::1_20220123163054,::1,LOCAL,0,0,2622.0,29,0.66,1.0,0.0,0.0,0.0,0.0,0.0,1.0,0.0345,0.0,0.0,1,1,110.0,110,0,
172.19.131.174_20220123165807,172.19.131.174_20220121104550,172.19.131.174,LOCAL,0,0,1334.0,76,3.42,0.0,4.33,0.0,0.0,0.0,0.3289,0.0,0.3684,0.5526,0.2105,1,2,12887.89,79823,0,
10.143.2.4_20220123165945,10.143.2.4_20220123165945,10.143.2.4,LOCAL,0,0,0.0,1,60.0,0.0,1.0,0.0,0.0,0.0,1.0,0.0,1.0,0.0,1.0,1,1,150.0,150,0,
172.19.130.68_20220123162148,172.19.130.68_20220123162148,172.19.130.68,LOCAL,0,0,4831.0,230,2.86,0.0,6.39,0.0,0.0,0.0,0.0087,0.0609,0.1609,0.087,0.0826,4,1,35192.6,6131204,0,
::1_20220123173552,::1_20220123173552,::1,LOCAL,0,0,634.0,4,0.38,3.0,0.0,0.0,0.0,0.0,0.0,1.0,0.25,0.0,0.0,1,1,110.0,110,0,
172.19.131.174_20220123173827,172.19.131.174_20220123173827,172.19.131.174,LOCAL,0,0,978.0,45,2.76,0.0,3.02,0.0,0.0,0.0,0.4667,0.0,0.4889,0.0889,0.3556,2,1,5963.29,25550,0,
10.143.2.25_20220123163556,10.143.2.25_20220123123520,10.143.2.25,LOCAL,0,0,7189.0,808,6.74,0.0,4.03,0.0,0.0,0.0,0.0953,0.0198,0.4319,0.7017,0.0693,5,1,3466.82,107683,0,
172.19.131.174_20220123181235,172.19.131.174_20220123181235,172.19.131.174,LOCAL,0,0,6.0,103,1030.0,0.0,3.37,0.0,0.0,0.0,0.0097,0.0,0.7864,0.9515,0.0,3,1,8823.19,107656,0,
::1_20220123175653,::1_20220123175653,::1,LOCAL,0,0,959.0,22,1.38,0.0,0.0,0.0,0.0,0.0,0.0,1.0,0.0455,0.0,0.0,1,2,118.73,126,12,Scanner_Bot
10.143.2.4_20220123174243,10.143.2.4_20220123174243,10.143.2.4,LOCAL,0,0,0.0,1,60.0,0.0,1.0,0.0,0.0,0.0,1.0,0.0,1.0,0.0,1.0,1,1,150.0,150,0,
10.143.2.4_20220123190039,10.143.2.4_20220123190039,10.143.2.4,LOCAL,0,1,0.0,1,60.0,0.0,1.0,0.0,0.0,0.0,1.0,0.0,1.0,0.0,1.0,1,1,150.0,150,0,
::1_20220123183756,::1_20220123183756,::1,LOCAL,0,0,1845.0,37,1.2,0.0,0.0,0.0,0.0,0.0,0.0,1.0,0.027,0.0,0.0,1,2,111.73,126,4,Scanner_Bot
172.19.130.68_20220123175644,172.19.130.68_20220123175644,172.19.130.68,LOCAL,0,0,5431.0,1062,11.73,0.0,4.45,0.0,0.0,0.0,0.0075,0.0311,0.2137,0.6911,0.0179,6,2,6930.26,152832,0,
172.19.130.68_20220123193727,172.19.130.68_20220123193727,172.19.130.68,LOCAL,0,1,5.0,87,1044.0,0.0,3.4,0.0,0.0,0.0,0.0115,0.0,0.954,0.954,0.0,3,1,10140.41,107362,0,
::1_20220123192942,::1_20220123192942,::1,LOCAL,0,1,564.0,6,0.64,1.0,0.0,0.0,0.0,0.0,0.0,1.0,0.1667,0.0,0.0,1,2,112.67,126,1,Scanner_Bot
10.143.2.25_20220123183603,10.143.2.25_20220123123520,10.143.2.25,LOCAL,0,0,4129.0,177,2.57,0.0,6.27,0.0,0.0,0.0,0.0339,0.0565,0.1921,0.2203,0.0565,2,1,6657.07,79823,0,
10.143.2.25_20220123195745,10.143.2.25_20220123195745,10.143.2.25,LOCAL,0,1,488.0,22,2.7,0.0,5.0,0.0,0.0,0.0,0.0455,0.0,0.9091,0.8182,0.0455,1,1,19644.27,79823,0,
172.19.131.174_20220123183741,172.19.131.174_20220123183741,172.19.131.174,LOCAL,0,0,5285.0,987,11.21,0.0,3.56,0.002,0.0,0.0,0.0648,0.0,0.2837,0.8794,0.0263,4,2,7144.98,107683,0,
::1_20220123195015,::1_20220123195015,::1,LOCAL,0,1,822.0,15,1.09,0.0,0.0,0.0,0.0,0.0,0.0,1.0,0.0667,0.0,0.0,1,2,115.33,126,5,Scanner_Bot
10.143.2.4_20220123192736,10.143.2.4_20220123192736,10.143.2.4,LOCAL,0,1,0.0,1,60.0,0.0,1.0,0.0,0.0,0.0,1.0,0.0,1.0,0.0,1.0,1,1,150.0,150,0,
10.143.2.25_20220123202325,10.143.2.25_20220123202325,10.143.2.25,LOCAL,0,1,0.0,1,60.0,0.0,1.0,0.0,0.0,0.0,0.0,0.0,1.0,0.0,0.0,1,1,6203.0,6203,0,
::1_20220123202724,::1_20220123202724,::1,LOCAL,0,1,769.0,5,0.39,1.0,0.0,0.0,0.0,0.0,0.0,1.0,0.2,0.0,0.0,1,1,110.0,110,0,
172.19.130.68_20220123195009,172.19.130.68_20220123195009,172.19.130.68,LOCAL,0,1,471.0,189,24.08,0.0,3.4,0.0,0.0,0.0,0.0106,0.0,0.4392,0.9577,0.0,3,2,9607.13,107362,0,
10.143.2.25_20220123210840,10.143.2.25_20220123210840,10.143.2.25,LOCAL,0,1,429.0,22,3.08,0.0,5.0,0.0,0.0,0.0,0.0455,0.0,0.9091,0.8182,0.0455,1,1,19336.32,79823,0,
::1_20220123211423,::1_20220123211423,::1,LOCAL,0,1,0.0,1,60.0,0.0,0.0,0.0,0.0,0.0,0.0,1.0,1.0,0.0,0.0,1,1,110.0,110,0,
10.143.2.4_20220123205038,10.143.2.4_20220123205038,10.143.2.4,LOCAL,0,1,0.0,1,60.0,0.0,1.0,0.0,0.0,0.0,1.0,0.0,1.0,0.0,1.0,1,1,150.0,150,0,
172.19.131.174_20220123202709,172.19.131.174_20220123202709,172.19.131.174,LOCAL,0,1,1409.0,167,7.11,0.0,3.7,0.0,0.0,0.0,0.1617,0.0,0.8443,0.7964,0.024,2,1,2992.2,51116,0,
10.143.2.4_20220123225038,10.143.2.4_20220123225038,10.143.2.4,LOCAL,0,1,0.0,1,60.0,0.0,1.0,0.0,0.0,0.0,1.0,0.0,1.0,0.0,1.0,1,1,150.0,150,0,
172.19.131.174_20220123225038,172.19.131.174_20220123225038,172.19.131.174,LOCAL,0,1,0.0,1,60.0,0.0,1.0,0.0,0.0,0.0,0.0,0.0,1.0,0.0,0.0,1,1,6203.0,6203,0,
::1_20220123224009,::1_20220123224009,::1,LOCAL,0,1,2.0,4,120.0,0.0,0.0,0.0,0.0,0.0,0.0,1.0,0.25,0.0,0.0,1,2,114.0,126,1,Scanner_Bot
172.19.131.174_20220124035653,172.19.131.174_20220124035653,172.19.131.174,LOCAL,0,1,42.0,3000,4285.71,0.0,1.0,0.9817,0.006,0.0,0.002,0.0,0.9823,0.0003,0.002,5,3,464.96,21267,38,RCE|LFI|Scanner_Bot
172.19.131.174_20220124035735,172.19.131.174_20220124035653,172.19.131.174,LOCAL,0,1,29.0,3000,6206.9,0.0,2.81,0.9853,0.0007,0.0003,0.0003,0.0,0.9907,0.0007,0.349,7,2,301.82,9235,1461,Scanner_Bot
10.143.3.65_20220123162148,10.143.3.65_20220123162148,10.143.3.65,LOCAL,0,0,6876.0,524,4.57,0.0,5.18,0.0019,0.0,0.0,0.0153,0.0401,0.4695,0.4523,0.0553,6,1,18396.72,6128772,0,
10.143.2.91_20220123172930,10.143.2.91_20220123172930,10.143.2.91,LOCAL,0,0,737.0,64,5.21,0.0,3.8,0.0,0.0,0.0,0.2344,0.0,0.7344,0.4688,0.0156,3,1,7376.83,51692,0,
172.19.130.68_20220123224000,172.19.130.68_20220123224000,172.19.130.68,LOCAL,0,1,1321.0,228,10.36,0.0,4.44,0.0,0.0,0.0,0.0,0.0044,0.7851,0.75,0.0219,3,1,5356.32,107362,0,
10.143.2.25_20220123224000,10.143.2.25_20220123224000,10.143.2.25,LOCAL,0,1,1321.0,229,10.4,0.0,4.43,0.0,0.0,0.0,0.0,0.0044,0.7817,0.7467,0.0218,3,1,4849.44,107683,0,
172.19.131.174_20220124035804,172.19.131.174_20220124035653,172.19.131.174,LOCAL,0,1,104.0,1767,1019.42,0.0,4.62,0.9757,0.0,0.0,0.0006,0.0,0.9213,0.0,0.9344,3,2,9429.1,570058,1760,Scanner_Bot|SSRF|RCE|LFI|SQLi
::1_20220124035702,::1_20220124035702,::1,LOCAL,0,1,71.0,3,2.54,17.0,0.0,0.0,0.0,0.0,0.0,1.0,0.3333,0.0,0.0,1,2,115.33,126,1,Scanner_Bot
::1_20220124064246,::1_20220124064246,::1,LOCAL,0,0,0.0,1,60.0,0.0,0.0,0.0,0.0,0.0,0.0,1.0,1.0,0.0,0.0,1,1,110.0,110,0,
::1_20220124070747,::1_20220124070747,::1,LOCAL,0,0,144.0,4,1.67,1.0,0.0,0.0,0.0,0.0,0.0,1.0,0.25,0.0,0.0,1,1,110.0,110,0,
10.143.2.4_20220124035653,10.143.2.4_20220124035653,10.143.2.4,LOCAL,0,1,0.0,2,120.0,0.0,1.0,0.0,0.0,0.0,0.5,0.0,1.0,0.0,0.5,1,1,4644.5,9139,0,
::1_20220124072119,::1_20220124072119,::1,LOCAL,0,0,0.0,1,60.0,0.0,0.0,0.0,0.0,0.0,0.0,1.0,1.0,0.0,0.0,1,1,110.0,110,0,
172.19.131.174_20220124043725,172.19.131.174_20220124043725,172.19.131.174,LOCAL,0,1,0.0,1,60.0,0.0,5.0,0.0,0.0,0.0,0.0,0.0,1.0,0.0,1.0,1,1,506741.0,506741,1,RCE|Scanner_Bot
::1_20220124073619,::1_20220124073619,::1,LOCAL,0,0,123.0,6,2.93,0.0,0.0,0.0,0.0,0.0,0.0,1.0,0.1667,0.0,0.0,1,2,115.33,126,2,Scanner_Bot
10.143.2.91_20220124064233,10.143.2.91_20220124064233,10.143.2.91,LOCAL,0,0,3447.0,244,4.25,0.0,3.78,0.0082,0.0,0.0,0.123,0.0,0.791,0.7336,0.0943,3,1,5160.73,79823,0,
172.19.131.174_20220124074931,172.19.131.174_20220124074931,172.19.131.174,LOCAL,0,0,919.0,184,12.01,0.0,3.54,0.0,0.0,0.0,0.038,0.0,0.8261,0.8913,0.0598,2,1,2836.47,41172,0,
::1_20220124074945,::1_20220124074945,::1,LOCAL,0,0,539.0,11,1.22,1.0,0.0,0.0,0.0,0.0,0.0,1.0,0.0909,0.0,0.0,1,1,110.0,110,0,
10.143.2.4_20220124073458,10.143.2.4_20220124073458,10.143.2.4,LOCAL,0,0,0.0,1,60.0,0.0,1.0,0.0,0.0,0.0,1.0,0.0,1.0,0.0,1.0,1,1,150.0,150,0,
10.143.2.91_20220124075823,10.143.2.91_20220124075823,10.143.2.91,LOCAL,0,0,234.0,16,4.1,0.0,3.12,0.0625,0.0,0.0,0.125,0.0,0.75,0.5,0.125,3,1,6645.0,24739,0,
172.19.130.68_20220124073612,172.19.130.68_20220124073612,172.19.130.68,LOCAL,0,0,2468.0,316,7.68,0.0,4.66,0.0,0.0,0.0,0.0032,0.019,0.6297,0.6551,0.0316,5,1,5219.76,107362,0,
172.19.130.68_20220124084929,172.19.130.68_20220124084929,172.19.130.68,LOCAL,0,0,6.0,89,890.0,0.0,3.39,0.0,0.0,0.0,0.0112,0.0,0.9326,0.9551,0.0,3,1,10020.73,107362,0,
10.143.2.4_20220124083619,10.143.2.4_20220124083619,10.143.2.4,LOCAL,0,0,0.0,1,60.0,0.0,1.0,0.0,0.0,0.0,1.0,0.0,1.0,0.0,1.0,1,1,150.0,150,0,
10.143.2.25_20220124073612,10.143.2.25_20220124073612,10.143.2.25,LOCAL,0,0,7187.0,1068,8.92,0.0,3.94,0.0,0.0,0.0,0.0375,0.0131,0.3474,0.736,0.0693,5,1,9705.79,6128196,0,
172.19.131.174_20220124081912,172.19.131.174_20220124081912,172.19.131.174,LOCAL,0,0,4596.0,800,10.44,0.0,3.63,0.0,0.0,0.0,0.115,0.0,0.375,0.7963,0.0488,4,2,4708.59,107683,0,
10.143.2.25_20220124093616,10.143.2.25_20220124073612,10.143.2.25,LOCAL,0,0,1.0,30,1800.0,0.0,3.23,0.0,0.0,0.0,0.0,0.0,1.0,0.9333,0.0,2,1,6240.77,88806,1,LFI
::1_20220124081925,::1_20220124081925,::1,LOCAL,0,0,7149.0,165,1.38,0.0,0.0,0.0,0.0,0.0,0.0,1.0,0.0061,0.0,0.0,1,2,110.78,126,8,Scanner_Bot
172.19.130.68_20220124090751,172.19.130.68_20220124090751,172.19.130.68,LOCAL,0,0,3661.0,708,11.6,0.0,4.36,0.0,0.0,0.0,0.0071,0.0169,0.3093,0.7218,0.0198,4,2,51362.45,7656444,1,LFI
10.143.2.4_20220124092624,10.143.2.4_20220124092624,10.143.2.4,LOCAL,0,0,0.0,1,60.0,0.0,1.0,0.0,0.0,0.0,1.0,0.0,1.0,0.0,1.0,1,1,150.0,150,0,
10.143.2.91_20220124083619,10.143.2.91_20220124083619,10.143.2.91,LOCAL,0,0,7197.0,553,4.61,0.0,3.46,0.0018,0.0,0.0,0.1121,0.0,0.5443,0.7125,0.1718,4,1,6116.75,107683,0,
172.19.131.174_20220124094620,172.19.131.174_20220124094620,172.19.131.174,LOCAL,0,0,2988.0,468,9.4,0.0,3.47,0.0043,0.0,0.0,0.1538,0.0,0.515,0.7671,0.0556,4,2,6295.17,107683,0,
::1_20220124102455,::1_20220124081925,::1,LOCAL,0,0,532.0,15,1.69,0.0,0.0,0.0,0.0,0.0,0.0,1.0,0.0667,0.0,0.0,1,2,115.33,126,5,Scanner_Bot
172.19.130.68_20220124102847,172.19.130.68_20220124102847,172.19.130.68,LOCAL,0,0,61.0,189,185.9,0.0,3.4,0.0,0.0,0.0,0.0106,0.0,0.4392,0.9577,0.0,3,2,9559.46,107362,0,
10.143.3.65_20220124091312,10.143.3.65_20220124091312,10.143.3.65,LOCAL,0,0,7174.0,576,4.82,0.0,4.1,0.0035,0.0,0.0,0.1076,0.0069,0.6597,0.6285,0.1059,5,1,50038.24,7657190,0,
10.143.2.25_20220124095730,10.143.2.25_20220124095730,10.143.2.25,LOCAL,0,0,4544.0,411,5.43,0.0,3.4,0.0,0.0,0.0,0.0584,0.0,0.3625,0.8856,0.0633,2,1,2886.04,41748,0,
172.19.130.68_20220124105153,172.19.130.68_20220124105153,172.19.130.68,LOCAL,0,0,7.0,102,874.29,0.0,3.39,0.0,0.0,0.0,0.0098,0.0,0.7941,0.9608,0.0,3,1,9152.4,107362,0,
10.143.2.4_20220124103115,10.143.2.4_20220124103115,10.143.2.4,LOCAL,0,0,0.0,1,60.0,0.0,1.0,0.0,0.0,0.0,1.0,0.0,1.0,0.0,1.0,1,1,150.0,150,0,
::1_20220124104744,::1_20220124104744,::1,LOCAL,0,0,4511.0,104,1.38,0.0,0.0,0.0,0.0,0.0,0.0,1.0,0.0096,0.0,0.0,1,2,111.69,126,11,Scanner_Bot
172.19.130.68_20220124113702,172.19.130.68_20220124113702,172.19.130.68,LOCAL,0,0,1545.0,446,17.32,0.0,3.88,0.0,0.0,0.0,0.0112,0.0135,0.2489,0.8139,0.0067,4,2,10041.16,544402,0,
::1_20220124121458,::1_20220124121458,::1,LOCAL,0,0,19.0,4,12.63,1.0,0.0,0.0,0.0,0.0,0.0,1.0,0.25,0.0,0.0,1,1,110.0,110,0,
10.143.2.91_20220124103628,10.143.2.91_20220124083619,10.143.2.91,LOCAL,0,0,5179.0,323,3.74,0.0,3.4,0.0031,0.0,0.0,0.192,0.0,0.4644,0.6471,0.1331,4,1,7383.52,107683,0,
::1_20220124122908,::1_20220124122908,::1,LOCAL,0,0,3.0,7,140.0,0.0,0.0,0.0,0.0,0.0,0.0,1.0,0.1429,0.0,0.0,1,2,119.14,126,4,Scanner_Bot
172.19.131.174_20220124104738,172.19.131.174_20220124104738,172.19.131.174,LOCAL,0,0,7108.0,1248,10.53,0.0,3.37,0.0008,0.0,0.0,0.1002,0.0,0.2468,0.7564,0.1354,4,2,5230.53,107683,0,
10.143.2.4_20220124114157,10.143.2.4_20220124114157,10.143.2.4,LOCAL,0,0,0.0,1,60.0,0.0,1.0,0.0,0.0,0.0,1.0,0.0,1.0,0.0,1.0,1,1,150.0,150,0,
::1_20220124124259,::1_20220124124259,::1,LOCAL,0,0,314.0,5,0.96,1.0,0.0,0.0,0.0,0.0,0.0,1.0,0.2,0.0,0.0,1,1,110.0,110,0,
10.143.2.25_20220124112537,10.143.2.25_20220124112537,10.143.2.25,LOCAL,0,0,7193.0,886,7.39,0.0,4.21,0.0,0.0,0.0,0.0813,0.0203,0.4503,0.7043,0.0395,4,1,26713.49,6128772,0,
10.143.2.4_20220124130151,10.143.2.4_20220124130151,10.143.2.4,LOCAL,0,0,2.94,4,81.61,0.0,0.5,0.0,0.0,0.0,0.25,0.0,0.5,0.0,0.25,1,1,2322.0,9138,0,
::1_20220124130436,::1_20220124130436,::1,LOCAL,0,0,924.0,21,1.36,1.0,0.0,0.0,0.0,0.0,0.0,1.0,0.0476,0.0,0.0,1,2,110.76,126,1,Scanner_Bot
10.143.3.65_20220124111331,10.143.3.65_20220124091312,10.143.3.65,LOCAL,0,0,2552.0,121,2.84,0.0,5.12,0.0,0.0,0.0,0.157,0.0496,0.4298,0.2149,0.1157,3,1,7308.49,541970,0,
::1_20220124133314,::1_20220124133314,::1,LOCAL,0,0,576.0,16,1.67,0.0,0.0,0.0,0.0,0.0,0.0,1.0,0.0625,0.0,0.0,1,2,113.0,126,3,Scanner_Bot
10.143.2.91_20220124124253,10.143.2.91_20220124124253,10.143.2.91,LOCAL,0,0,2417.0,264,6.55,0.0,3.58,0.0076,0.0,0.0,0.1553,0.0,0.7045,0.6439,0.178,4,1,6116.27,79823,0,
172.19.130.68_20220124122853,172.19.130.68_20220124122853,172.19.130.68,LOCAL,0,0,5385.0,941,10.48,0.0,4.44,0.0,0.0,0.0,0.0064,0.0255,0.2519,0.7131,0.0287,4,2,40666.55,6131204,0,
10.143.2.4_20220124132736,10.143.2.4_20220124132736,10.143.2.4,LOCAL,0,0,0.0,1,60.0,0.0,1.0,0.0,0.0,0.0,1.0,0.0,1.0,0.0,1.0,1,1,150.0,150,0,
172.19.131.174_20220124124743,172.19.131.174_20220124104738,172.19.131.174,LOCAL,0,0,7181.0,728,6.08,0.0,3.46,0.0014,0.0,0.0,0.1896,0.0,0.4272,0.6113,0.1813,4,2,5723.41,107683,0,
172.19.130.68_20220124141937,172.19.130.68_20220124141937,172.19.130.68,LOCAL,0,0,631.0,58,5.52,0.0,5.66,0.0,0.0,0.0,0.0,0.1552,0.4138,0.1897,0.0517,3,1,4239.98,34434,0,
10.143.2.91_20220124140644,10.143.2.91_20220124140644,10.143.2.91,LOCAL,0,0,2575.0,131,3.05,0.0,3.51,0.0,0.0,0.0,0.4198,0.0,0.4733,0.3206,0.2672,2,1,3611.76,25550,0,
10.143.2.25_20220124132600,10.143.2.25_20220124112537,10.143.2.25,LOCAL,0,0,7084.0,1304,11.04,0.0,3.86,0.0,0.0,0.0,0.0552,0.0107,0.3029,0.8367,0.0314,3,1,3617.14,107683,0,
10.143.3.65_20220124133832,10.143.3.65_20220124133832,10.143.3.65,LOCAL,0,0,7187.0,990,8.26,0.0,4.19,0.002,0.0,0.0,0.0414,0.0202,0.4152,0.7242,0.0677,5,1,22900.81,6128771,0,
10.143.2.4_20220124143539,10.143.2.4_20220124143539,10.143.2.4,LOCAL,0,0,0.0,1,60.0,0.0,1.0,0.0,0.0,0.0,1.0,0.0,1.0,0.0,1.0,1,1,150.0,150,0,
::1_20220124135740,::1_20220124135740,::1,LOCAL,0,0,6966.0,191,1.65,0.0,0.0,0.0,0.0,0.0,0.0,1.0,0.0052,0.0,0.0,1,2,110.75,126,9,Scanner_Bot
10.143.2.91_20220124151643,10.143.2.91_20220124151643,10.143.2.91,LOCAL,0,0,1887.0,15,0.48,0.0,1.33,0.1333,0.0,0.0,0.3333,0.0,0.2,0.1333,0.3333,2,1,11354.2,33717,0,
10.143.2.4_20220124154810,10.143.2.4_20220124154810,10.143.2.4,LOCAL,0,0,0.0,1,60.0,0.0,1.0,0.0,0.0,0.0,1.0,0.0,1.0,0.0,1.0,1,1,150.0,150,0,
172.19.130.68_20220124150233,172.19.130.68_20220124150233,172.19.130.68,LOCAL,0,0,3936.0,710,10.82,0.0,4.53,0.0,0.0,0.0,0.0056,0.0268,0.3296,0.6845,0.0211,4,2,14375.02,6131203,0,
172.19.131.174_20220124145224,172.19.131.174_20220124104738,172.19.131.174,LOCAL,0,0,6990.0,1295,11.12,0.0,3.32,0.0008,0.0,0.0,0.1189,0.0,0.2154,0.7514,0.1212,4,2,4981.09,107683,0,
172.19.131.174_20220124165307,172.19.131.174_20220124104738,172.19.131.174,LOCAL,0,0,426.0,113,15.92,0.0,3.66,0.0,0.0,0.0,0.0531,0.0,0.9027,0.8938,0.0442,3,2,11573.35,107683,0,
10.143.2.25_20220124152707,10.143.2.25_20220124112537,10.143.2.25,LOCAL,0,0,7197.0,841,7.01,0.0,3.63,0.0,0.0,0.0,0.157,0.0,0.1795,0.7931,0.0547,2,1,2961.49,54129,0,
10.143.3.65_20220124153839,10.143.3.65_20220124133832,10.143.3.65,LOCAL,0,0,7194.0,442,3.69,0.0,4.8,0.0045,0.0,0.0,0.043,0.0023,0.5475,0.5249,0.086,5,1,5164.89,107683,0,
172.19.131.174_20220124171322,172.19.131.174_20220124171322,172.19.131.174,LOCAL,0,0,6.0,88,880.0,0.0,3.38,0.0,0.0,0.0,0.0114,0.0,0.9432,0.9432,0.0,3,1,9901.33,107683,0,
192.168.230.122_20220124035653,192.168.230.122_20220124035653,192.168.230.122,LOCAL,0,1,8.98,24,160.42,0.0,0.5,0.0,0.5,0.0,0.0833,0.0,0.1667,0.0,0.0,1,2,910.17,3284,12,Scanner_Bot
::1_20220124155825,::1_20220124135740,::1,LOCAL,0,0,6954.0,98,0.85,0.0,0.0,0.0,0.0,0.0,0.0,1.0,0.0102,0.0,0.0,1,2,111.63,126,10,Scanner_Bot
10.143.2.4_20220124162844,10.143.2.4_20220124162844,10.143.2.4,LOCAL,0,0,0.0,1,60.0,0.0,1.0,0.0,0.0,0.0,1.0,0.0,1.0,0.0,1.0,1,1,150.0,150,0,
172.19.131.174_20220124174519,172.19.131.174_20220124174519,172.19.131.174,LOCAL,0,0,5.0,88,1056.0,0.0,3.38,0.0,0.0,0.0,0.0114,0.0,0.9432,0.9432,0.0,3,1,9901.1,107683,0,
10.143.2.91_20220124160553,10.143.2.91_20220124160553,10.143.2.91,LOCAL,0,0,7024.0,416,3.55,0.0,3.35,0.0,0.0,0.0,0.2188,0.0,0.6442,0.5769,0.2139,3,1,5299.97,107683,0,
::1_20220124181149,::1_20220124181149,::1,LOCAL,0,0,374.0,26,4.17,0.0,0.0,0.0,0.0,0.0,0.0,1.0,0.0385,0.0,0.0,1,2,111.85,126,3,Scanner_Bot
10.143.2.91_20220124180757,10.143.2.91_20220124160553,10.143.2.91,LOCAL,0,0,1447.0,13,0.54,0.0,4.0,0.0769,0.0,0.0,0.3846,0.0,0.6923,0.5385,0.0,2,1,4544.85,23204,0,
172.19.130.68_20220124163838,172.19.130.68_20220124163838,172.19.130.68,LOCAL,0,0,5935.0,925,9.35,0.0,4.19,0.0,0.0,0.0,0.0086,0.0054,0.2303,0.7503,0.0184,4,1,7918.24,107362,0,
::1_20220124183234,::1_20220124183234,::1,LOCAL,0,0,0.0,1,60.0,0.0,0.0,0.0,0.0,0.0,0.0,1.0,1.0,0.0,0.0,1,1,110.0,110,0,
10.143.3.65_20220124173903,10.143.3.65_20220124133832,10.143.3.65,LOCAL,0,0,3448.0,236,4.11,0.0,5.1,0.0085,0.0,0.0,0.0381,0.0169,0.5466,0.5,0.0636,4,1,4238.25,79823,0,
::1_20220124185842,::1_20220124185842,::1,LOCAL,0,0,431.0,17,2.37,1.0,0.0,0.0,0.0,0.0,0.0,1.0,0.0588,0.0,0.0,1,2,114.71,126,5,Scanner_Bot
172.19.130.68_20220124185835,172.19.130.68_20220124185835,172.19.130.68,LOCAL,0,0,429.0,350,48.95,0.0,3.4,0.0,0.0,0.0,0.0114,0.0,0.2371,0.9543,0.0,3,1,10118.47,107362,0,
10.143.2.91_20220124185835,10.143.2.91_20220124185835,10.143.2.91,LOCAL,0,0,429.0,354,49.51,0.0,3.37,0.0,0.0,0.0,0.0113,0.0,0.2345,0.9435,0.0,3,1,9873.75,107683,0,
::1_20220124194033,::1_20220124194033,::1,LOCAL,0,1,601.0,5,0.5,1.0,0.0,0.0,0.0,0.0,0.0,1.0,0.2,0.0,0.0,1,1,110.0,110,0,
172.19.130.68_20220124201745,172.19.130.68_20220124201745,172.19.130.68,LOCAL,0,1,6.0,87,870.0,0.0,3.4,0.0,0.0,0.0,0.0115,0.0,0.954,0.954,0.0,3,1,10140.29,107362,0,
10.143.2.91_20220124201745,10.143.2.91_20220124201745,10.143.2.91,LOCAL,0,1,6.0,88,880.0,0.0,3.38,0.0,0.0,0.0,0.0114,0.0,0.9432,0.9432,0.0,3,1,9901.8,107683,0,
::1_20220124201751,::1_20220124201751,::1,LOCAL,0,1,7.0,4,34.29,1.0,0.0,0.0,0.0,0.0,0.0,1.0,0.25,0.0,0.0,1,2,114.0,126,1,Scanner_Bot
10.143.2.4_20220124182908,10.143.2.4_20220124182908,10.143.2.4,LOCAL,0,0,0.0,1,60.0,0.0,1.0,0.0,0.0,0.0,1.0,0.0,1.0,0.0,1.0,1,1,150.0,150,0,
172.19.130.68_20220124203222,172.19.130.68_20220124203222,172.19.130.68,LOCAL,0,1,6.0,88,880.0,0.0,3.4,0.0,0.0,0.0,0.0114,0.0,0.9432,0.9545,0.0,3,1,10087.5,107362,0,
10.143.2.91_20220124203222,10.143.2.91_20220124203222,10.143.2.91,LOCAL,0,1,6.0,89,890.0,0.0,3.37,0.0,0.0,0.0,0.0112,0.0,0.9326,0.9438,0.0,3,1,9851.04,107683,0,
::1_20220124203227,::1_20220124203227,::1,LOCAL,0,1,8.0,4,30.0,1.0,0.0,0.0,0.0,0.0,0.0,1.0,0.25,0.0,0.0,1,2,114.0,126,1,Scanner_Bot
10.143.3.65_20220124191504,10.143.3.65_20220124191504,10.143.3.65,LOCAL,0,1,7186.0,401,3.35,0.0,3.88,0.0,0.0,0.0,0.1621,0.01,0.7157,0.6459,0.0998,4,1,4669.62,149939,0,
10.143.2.25_20220124172734,10.143.2.25_20220124112537,10.143.2.25,LOCAL,0,0,4274.0,399,5.6,0.0,3.58,0.0,0.0,0.0,0.1404,0.0,0.3534,0.807,0.0576,2,1,3072.08,51116,0,
172.19.131.174_20220124181317,172.19.131.174_20220124181317,172.19.131.174,LOCAL,0,0,6.0,88,880.0,0.0,3.38,0.0,0.0,0.0,0.0114,0.0,0.9432,0.9432,0.0,3,1,9901.26,107683,0,
10.143.2.4_20220124205909,10.143.2.4_20220124205909,10.143.2.4,LOCAL,0,1,0.0,1,60.0,0.0,1.0,0.0,0.0,0.0,1.0,0.0,1.0,0.0,1.0,1,1,150.0,150,0,
172.19.130.68_20220124210054,172.19.130.68_20220124210054,172.19.130.68,LOCAL,0,1,2186.0,469,12.87,0.0,4.17,0.0,0.0,0.0,0.0064,0.0085,0.4456,0.7783,0.0171,4,1,7458.87,149824,0,
10.143.2.91_20220124210054,10.143.2.91_20220124210054,10.143.2.91,LOCAL,0,1,148.0,178,72.16,0.0,3.37,0.0,0.0,0.0,0.0112,0.0,0.4663,0.9438,0.0,3,1,9847.26,107683,0,
::1_20220124210100,::1_20220124210100,::1,LOCAL,0,1,152.0,14,5.53,1.0,0.0,0.0,0.0,0.0,0.0,1.0,0.0714,0.0,0.0,1,2,115.71,126,5,Scanner_Bot
10.143.3.65_20220124211520,10.143.3.65_20220124191504,10.143.3.65,LOCAL,0,1,2549.0,81,1.91,0.0,5.52,0.0,0.0,0.0,0.2716,0.0,0.1481,0.0123,0.1358,2,1,2692.27,8902,0,
