timestamp,rip,user,action_code,is_remote,attempts,duration_secs,bytes_in,bytes_out,velocity,unique_users,hour_of_day,is_off_hours
2026-01-15 06:26:59,172.17.131.81,daniel.morgan,1,0,0,0,0,0,1.0,1,6,0
2026-01-15 06:26:59,172.17.131.81,daniel.morgan,1,0,0,0,0,0,2.0,1,6,0
2026-01-15 06:26:59,172.17.131.81,daniel.morgan,2,0,0,0,8,416,3.0,1,6,0
2026-01-15 06:26:59,172.17.131.81,daniel.morgan,2,0,0,0,124,725,4.0,1,6,0
2026-01-15 06:26:59,172.17.131.81,daniel.morgan,1,0,0,0,0,0,5.0,1,6,0
2026-01-15 06:26:59,172.17.131.81,daniel.morgan,2,0,0,0,70,599,6.0,1,6,0
2026-01-15 06:27:00,172.17.131.81,daniel.morgan,1,0,0,0,0,0,7.0,1,6,0
2026-01-15 06:27:00,172.17.131.81,daniel.morgan,2,0,0,0,221,15642,8.0,1,6,0
2026-01-15 06:28:13,172.17.131.81,daniel.morgan,2,0,0,0,112,669,4.0,1,6,0
2026-01-15 06:28:13,172.17.131.81,daniel.morgan,1,0,0,0,0,0,3.0,1,6,0
2026-01-15 06:28:13,172.17.131.81,daniel.morgan,2,0,0,0,368,67068,1.0,1,6,0
2026-01-15 06:28:13,172.17.131.81,daniel.morgan,1,0,0,0,0,0,2.0,1,6,0
2026-01-15 06:30:27,172.17.131.81,daniel.morgan,1,0,0,0,0,0,1.0,1,6,0
2026-01-15 06:30:27,172.17.131.81,daniel.morgan,2,0,0,0,986,610,2.0,1,6,0
2026-01-15 06:44:51,172.17.131.81,samantha.thornton,1,0,0,0,0,0,6.0,2,6,0
2026-01-15 06:44:51,172.17.131.81,samantha.thornton,2,0,0,0,70,599,1.0,2,6,0
2026-01-15 06:44:51,172.17.131.81,samantha.thornton,1,0,0,0,0,0,2.0,2,6,0
2026-01-15 06:44:51,172.17.131.81,samantha.thornton,1,0,0,0,0,0,3.0,2,6,0
2026-01-15 06:44:51,172.17.131.81,samantha.thornton,2,0,0,0,8,416,4.0,2,6,0
2026-01-15 06:44:51,172.17.131.81,samantha.thornton,2,0,0,0,124,725,5.0,2,6,0
2026-01-15 06:44:52,172.17.131.81,samantha.thornton,1,0,0,0,0,0,8.0,2,6,0
2026-01-15 06:44:52,172.17.131.81,samantha.thornton,2,0,0,0,221,18281,7.0,2,6,0
2026-01-15 07:04:36,172.17.131.81,samantha.thornton,1,0,0,0,0,0,1.0,2,7,0
2026-01-15 07:04:36,172.17.131.81,samantha.thornton,2,0,0,0,184,18193,2.0,2,7,0
2026-01-15 07:16:26,172.17.131.81,meghan.morris,1,0,0,0,0,0,7.0,3,7,0
2026-01-15 07:16:26,172.17.131.81,meghan.morris,1,0,0,0,0,0,6.0,3,7,0
2026-01-15 07:16:26,172.17.131.81,meghan.morris,2,0,0,0,8,416,5.0,3,7,0
2026-01-15 07:16:26,172.17.131.81,meghan.morris,2,0,0,0,124,725,8.0,3,7,0
2026-01-15 07:16:26,172.17.131.81,meghan.morris,1,0,0,0,0,0,3.0,3,7,0
2026-01-15 07:16:26,172.17.131.81,meghan.morris,2,0,0,0,70,599,2.0,3,7,0
2026-01-15 07:16:26,172.17.131.81,meghan.morris,1,0,0,0,0,0,1.0,3,7,0
2026-01-15 07:16:26,172.17.131.81,meghan.morris,2,0,0,0,221,7495,4.0,3,7,0
2026-01-15 07:17:24,172.17.131.81,daniel.morgan,1,0,0,0,0,0,9.0,3,7,0
2026-01-15 07:17:24,172.17.131.81,daniel.morgan,1,0,0,0,0,0,10.0,3,7,0
2026-01-15 07:17:24,172.17.131.81,daniel.morgan,2,0,0,0,8,416,11.0,3,7,0
2026-01-15 07:17:24,172.17.131.81,daniel.morgan,2,0,0,0,124,725,12.0,3,7,0
2026-01-15 07:17:25,172.17.131.81,daniel.morgan,1,0,0,0,0,0,13.0,3,7,0
2026-01-15 07:17:25,172.17.131.81,daniel.morgan,2,0,0,0,70,599,14.0,3,7,0
2026-01-15 07:17:25,172.17.131.81,daniel.morgan,1,0,0,0,0,0,15.0,3,7,0
2026-01-15 07:17:26,172.17.131.81,daniel.morgan,2,0,0,0,221,15598,8.0,3,7,0
2026-01-15 07:35:40,172.17.131.81,meghan.morris,1,0,0,0,0,0,2.0,3,7,0
2026-01-15 07:35:40,172.17.131.81,meghan.morris,2,0,0,0,184,7399,1.0,3,7,0
2026-01-15 07:36:10,172.17.131.81,meghan.morris,1,0,0,0,0,0,3.0,3,7,0
2026-01-15 07:36:10,172.17.131.81,meghan.morris,2,0,0,0,326,5344,4.0,3,7,0
2026-01-15 07:36:44,172.17.131.81,meghan.morris,1,0,0,0,0,0,3.0,3,7,0
2026-01-15 07:36:44,172.17.131.81,meghan.morris,2,0,0,0,112,669,4.0,3,7,0
2026-01-15 07:38:28,172.17.131.81,meghan.morris,1,0,0,0,0,0,1.0,3,7,0
2026-01-15 07:38:28,172.17.131.81,meghan.morris,2,0,0,0,1026,611,2.0,3,7,0
2026-01-15 07:38:29,172.17.131.81,meghan.morris,1,0,0,0,0,0,3.0,3,7,0
2026-01-15 07:38:29,172.17.131.81,meghan.morris,2,0,0,0,330,5239,4.0,3,7,0
2026-01-15 07:39:01,172.17.131.81,meghan.morris,1,0,0,0,0,0,6.0,3,7,0
2026-01-15 07:39:01,172.17.131.81,meghan.morris,2,0,0,0,135,1373,5.0,3,7,0
2026-01-15 07:39:28,172.17.131.81,meghan.morris,1,0,0,0,0,0,5.0,3,7,0
2026-01-15 07:39:28,172.17.131.81,meghan.morris,2,0,0,0,334,4797,6.0,3,7,0
2026-01-15 07:40:10,172.17.131.81,meghan.morris,1,0,0,0,0,0,3.0,3,7,0
2026-01-15 07:40:10,172.17.131.81,meghan.morris,2,0,0,0,137,1440,4.0,3,7,0
2026-01-15 07:42:24,172.17.131.81,meghan.morris,1,0,0,0,0,0,1.0,3,7,0
2026-01-15 07:42:24,172.17.131.81,meghan.morris,2,0,0,0,988,611,2.0,3,7,0
2026-01-15 07:43:22,172.17.131.81,meghan.morris,1,0,0,0,0,0,3.0,3,7,0
2026-01-15 07:43:22,172.17.131.81,meghan.morris,2,0,0,0,762,611,4.0,3,7,0
2026-01-15 07:53:22,172.17.131.81,meghan.morris,1,0,0,0,0,0,2.0,3,7,0
2026-01-15 07:53:22,172.17.131.81,meghan.morris,2,0,0,0,221,7509,1.0,3,7,0
2026-01-15 07:53:55,172.17.131.81,meghan.morris,1,0,0,0,0,0,3.0,3,7,0
2026-01-15 07:53:55,172.17.131.81,meghan.morris,2,0,0,0,326,5350,4.0,3,7,0
2026-01-15 07:54:13,172.17.131.81,meghan.morris,1,0,0,0,0,0,5.0,3,7,0
2026-01-15 07:54:13,172.17.131.81,meghan.morris,2,0,0,0,135,1406,6.0,3,7,0
2026-01-15 07:54:26,172.17.131.81,meghan.morris,1,0,0,0,0,0,5.0,3,7,0
2026-01-15 07:54:26,172.17.131.81,meghan.morris,2,0,0,0,516,5822,6.0,3,7,0
2026-01-15 07:55:09,172.17.131.81,meghan.morris,1,0,0,0,0,0,6.0,3,7,0
2026-01-15 07:55:09,172.17.131.81,meghan.morris,2,0,0,0,135,1337,5.0,3,7,0
2026-01-15 08:00:49,172.17.131.81,daniel.morgan,1,0,0,0,0,0,2.0,3,8,0
2026-01-15 08:00:49,172.17.131.81,daniel.morgan,2,0,0,0,221,16078,1.0,3,8,0
2026-01-15 08:03:06,172.17.131.81,daniel.morgan,1,0,0,0,0,0,1.0,3,8,0
2026-01-15 08:03:06,172.17.131.81,daniel.morgan,2,0,0,0,969,610,2.0,3,8,0
2026-01-15 08:05:00,172.17.131.81,daniel.morgan,1,0,0,0,0,0,1.0,3,8,0
2026-01-15 08:05:00,172.17.131.81,daniel.morgan,2,0,0,0,1391,610,2.0,3,8,0
2026-01-15 08:05:01,172.17.131.81,daniel.morgan,1,0,0,0,0,0,3.0,3,8,0
2026-01-15 08:05:01,172.17.131.81,daniel.morgan,2,0,0,0,112,669,4.0,3,8,0
2026-01-15 08:08:41,172.17.131.81,daniel.morgan,1,0,0,0,0,0,2.0,3,8,0
2026-01-15 08:08:41,172.17.131.81,daniel.morgan,2,0,0,0,326,5668,1.0,3,8,0
2026-01-15 08:08:56,172.17.131.81,daniel.morgan,1,0,0,0,0,0,4.0,3,8,0
2026-01-15 08:08:56,172.17.131.81,daniel.morgan,2,0,0,0,198,3252,3.0,3,8,0
2026-01-15 08:09:13,172.17.131.81,daniel.morgan,1,0,0,0,0,0,5.0,3,8,0
2026-01-15 08:09:13,172.17.131.81,daniel.morgan,2,0,0,0,135,1416,6.0,3,8,0
2026-01-15 08:10:59,172.17.131.81,daniel.morgan,1,0,0,0,0,0,1.0,3,8,0
2026-01-15 08:10:59,172.17.131.81,daniel.morgan,2,0,0,0,705,610,2.0,3,8,0
2026-01-15 08:11:00,172.17.131.81,daniel.morgan,1,0,0,0,0,0,3.0,3,8,0
2026-01-15 08:11:00,172.17.131.81,daniel.morgan,2,0,0,0,609,6383,4.0,3,8,0
2026-01-15 08:11:13,172.17.131.81,daniel.morgan,1,0,0,0,0,0,5.0,3,8,0
2026-01-15 08:11:13,172.17.131.81,daniel.morgan,2,0,0,0,137,1429,6.0,3,8,0
2026-01-15 08:11:53,172.17.131.81,daniel.morgan,1,0,0,0,0,0,8.0,3,8,0
2026-01-15 08:11:53,172.17.131.81,daniel.morgan,2,0,0,0,607,6731,7.0,3,8,0
2026-01-15 08:12:33,172.17.131.81,daniel.morgan,1,0,0,0,0,0,3.0,3,8,0
2026-01-15 08:12:34,172.17.131.81,daniel.morgan,2,0,0,0,334,5361,4.0,3,8,0
2026-01-15 08:12:51,172.17.131.81,daniel.morgan,1,0,0,0,0,0,5.0,3,8,0
2026-01-15 08:12:51,172.17.131.81,daniel.morgan,2,0,0,0,202,3073,6.0,3,8,0
2026-01-15 08:13:33,172.17.131.81,daniel.morgan,1,0,0,0,0,0,4.0,3,8,0
2026-01-15 08:13:33,172.17.131.81,daniel.morgan,2,0,0,0,144,2559,5.0,3,8,0
2026-01-15 08:14:59,172.17.131.81,daniel.morgan,1,0,0,0,0,0,2.0,3,8,0
2026-01-15 08:14:59,172.17.131.81,daniel.morgan,2,0,0,0,1443,2250,1.0,3,8,0
2026-01-15 08:15:22,172.17.131.81,daniel.morgan,1,0,0,0,0,0,4.0,3,8,0
2026-01-15 08:15:22,172.17.131.81,daniel.morgan,2,0,0,0,308,1748,3.0,3,8,0
2026-01-15 08:36:09,172.17.131.81,daniel.morgan,1,0,0,0,0,0,1.0,3,8,0
2026-01-15 08:36:09,172.17.131.81,daniel.morgan,2,0,0,0,221,17681,2.0,3,8,0
2026-01-15 08:37:21,172.17.131.81,jessica.wright,1,0,0,0,0,0,1.0,4,8,0
2026-01-15 08:37:21,172.17.131.81,jessica.wright,1,0,0,0,0,0,2.0,4,8,0
2026-01-15 08:37:21,172.17.131.81,jessica.wright,2,0,0,0,8,416,3.0,4,8,0
2026-01-15 08:37:21,172.17.131.81,jessica.wright,2,0,0,0,124,658,4.0,4,8,0
2026-01-15 08:37:21,172.17.131.81,jessica.wright,1,0,0,0,0,0,5.0,4,8,0
2026-01-15 08:37:21,172.17.131.81,jessica.wright,2,0,0,0,342,1369,6.0,4,8,0
2026-01-15 08:37:22,172.17.131.81,jessica.wright,1,0,0,0,0,0,8.0,4,8,0
2026-01-15 08:37:22,172.17.131.81,jessica.wright,2,0,0,0,221,8056,7.0,4,8,0
2026-01-15 08:37:38,172.17.131.81,daniel.morgan,1,0,0,0,0,0,9.0,4,8,0
2026-01-15 08:37:38,172.17.131.81,daniel.morgan,2,0,0,0,711,610,10.0,4,8,0
2026-01-15 08:37:39,172.17.131.81,daniel.morgan,1,0,0,0,0,0,11.0,4,8,0
2026-01-15 08:37:39,172.17.131.81,daniel.morgan,2,0,0,0,611,6374,12.0,4,8,0
2026-01-15 08:38:09,172.17.131.81,daniel.morgan,1,0,0,0,0,0,13.0,4,8,0
2026-01-15 08:38:09,172.17.131.81,daniel.morgan,2,0,0,0,202,3254,14.0,4,8,0
2026-01-15 08:38:35,172.17.131.81,daniel.morgan,1,0,0,0,0,0,7.0,4,8,0
2026-01-15 08:38:35,172.17.131.81,daniel.morgan,2,0,0,0,137,1536,8.0,4,8,0
2026-01-15 08:38:51,172.17.131.81,daniel.morgan,1,0,0,0,0,0,6.0,4,8,0
2026-01-15 08:38:51,172.17.131.81,daniel.morgan,2,0,0,0,602,6381,5.0,4,8,0
2026-01-15 08:38:56,172.17.131.81,jessica.wright,1,0,0,0,0,0,7.0,4,8,0
2026-01-15 08:38:56,172.17.131.81,jessica.wright,2,0,0,0,779,610,8.0,4,8,0
2026-01-15 08:38:57,172.17.131.81,jessica.wright,1,0,0,0,0,0,9.0,4,8,0
2026-01-15 08:38:57,172.17.131.81,jessica.wright,2,0,0,0,112,669,10.0,4,8,0
2026-01-15 08:38:57,172.17.131.81,jessica.wright,1,0,0,0,0,0,11.0,4,8,0
2026-01-15 08:38:57,172.17.131.81,jessica.wright,2,0,0,0,334,6945,12.0,4,8,0
2026-01-15 08:39:06,172.17.131.81,jessica.wright,1,0,0,0,0,0,13.0,4,8,0
2026-01-15 08:39:06,172.17.131.81,jessica.wright,2,0,0,0,202,3855,14.0,4,8,0
2026-01-15 08:39:34,172.17.131.81,jessica.wright,1,0,0,0,0,0,14.0,4,8,0
2026-01-15 08:39:34,172.17.131.81,jessica.wright,2,0,0,0,144,3131,13.0,4,8,0
2026-01-15 08:40:15,172.17.131.81,michael.davis,1,0,0,0,0,0,3.0,5,8,0
2026-01-15 08:40:15,172.17.131.81,michael.davis,1,0,0,0,0,0,4.0,5,8,0
2026-01-15 08:40:15,172.17.131.81,michael.davis,2,0,0,0,8,416,5.0,5,8,0
2026-01-15 08:40:15,172.17.131.81,michael.davis,2,0,0,0,124,725,6.0,5,8,0
2026-01-15 08:40:15,172.17.131.81,michael.davis,1,0,0,0,0,0,7.0,5,8,0
2026-01-15 08:40:15,172.17.131.81,michael.davis,2,0,0,0,70,599,8.0,5,8,0
2026-01-15 08:40:16,172.17.131.81,michael.davis,1,0,0,0,0,0,10.0,5,8,0
2026-01-15 08:40:16,172.17.131.81,michael.davis,2,0,0,0,221,9591,9.0,5,8,0
2026-01-15 08:40:39,172.17.131.81,daniel.morgan,1,0,0,0,0,0,10.0,5,8,0
2026-01-15 08:40:39,172.17.131.81,daniel.morgan,2,0,0,0,1262,610,9.0,5,8,0
2026-01-15 08:40:43,172.17.131.81,jessica.wright,1,0,0,0,0,0,11.0,5,8,0
2026-01-15 08:40:43,172.17.131.81,jessica.wright,2,0,0,0,1982,2456,12.0,5,8,0
2026-01-15 08:40:44,172.17.131.81,jessica.wright,1,0,0,0,0,0,13.0,5,8,0
2026-01-15 08:40:44,172.17.131.81,jessica.wright,2,0,0,0,323,1928,14.0,5,8,0
2026-01-15 08:40:44,172.17.131.81,jessica.wright,1,0,0,0,0,0,15.0,5,8,0
2026-01-15 08:40:44,172.17.131.81,jessica.wright,2,0,0,0,112,669,16.0,5,8,0
2026-01-15 08:41:34,172.17.131.81,jessica.wright,1,0,0,0,0,0,9.0,5,8,0
2026-01-15 08:41:34,172.17.131.81,jessica.wright,2,0,0,0,685,610,10.0,5,8,0
2026-01-15 08:43:06,172.17.131.81,jessica.wright,1,0,0,0,0,0,1.0,5,8,0
2026-01-15 08:43:07,172.17.131.81,jessica.wright,2,0,0,0,895,610,2.0,5,8,0
2026-01-15 08:43:07,172.17.131.81,jessica.wright,1,0,0,0,0,0,3.0,5,8,0
2026-01-15 08:43:07,172.17.131.81,jessica.wright,2,0,0,0,326,5823,4.0,5,8,0
2026-01-15 08:45:19,172.17.131.81,jessica.wright,1,0,0,0,0,0,1.0,5,8,0
2026-01-15 08:45:19,172.17.131.81,jessica.wright,2,0,0,0,1302,610,2.0,5,8,0
2026-01-15 08:45:20,172.17.131.81,jessica.wright,1,0,0,0,0,0,5.0,5,8,0
2026-01-15 08:45:20,172.17.131.81,jessica.wright,2,0,0,0,112,669,6.0,5,8,0
2026-01-15 08:45:20,172.17.131.81,jessica.wright,1,0,0,0,0,0,3.0,5,8,0
2026-01-15 08:45:20,172.17.131.81,jessica.wright,2,0,0,0,237,3290,4.0,5,8,0
2026-01-15 08:45:35,172.17.131.81,jessica.wright,1,0,0,0,0,0,10.0,5,8,0
2026-01-15 08:45:35,172.17.131.81,jessica.wright,2,0,0,0,359,6781,9.0,5,8,0
2026-01-15 08:45:35,172.17.131.81,jessica.wright,1,0,0,0,0,0,8.0,5,8,0
2026-01-15 08:45:35,172.17.131.81,jessica.wright,2,0,0,0,106,1959,7.0,5,8,0
2026-01-15 08:46:00,172.17.131.81,jessica.wright,1,0,0,0,0,0,11.0,5,8,0
2026-01-15 08:46:00,172.17.131.81,jessica.wright,2,0,0,0,135,1428,12.0,5,8,0
2026-01-15 08:46:12,172.17.131.81,jessica.wright,1,0,0,0,0,0,13.0,5,8,0
2026-01-15 08:46:12,172.17.131.81,jessica.wright,2,0,0,0,600,6713,14.0,5,8,0
2026-01-15 08:46:29,172.17.131.81,jessica.wright,1,0,0,0,0,0,9.0,5,8,0
2026-01-15 08:46:29,172.17.131.81,jessica.wright,2,0,0,0,106,1959,10.0,5,8,0
2026-01-15 08:46:40,172.17.131.81,jessica.wright,2,0,0,0,231,4228,10.0,5,8,0
2026-01-15 08:46:40,172.17.131.81,jessica.wright,1,0,0,0,0,0,9.0,5,8,0
2026-01-15 08:46:40,172.17.131.81,jessica.wright,2,0,0,0,106,1959,7.0,5,8,0
2026-01-15 08:46:40,172.17.131.81,jessica.wright,1,0,0,0,0,0,8.0,5,8,0
2026-01-15 08:47:05,172.17.131.81,jessica.wright,1,0,0,0,0,0,9.0,5,8,0
2026-01-15 08:47:05,172.17.131.81,jessica.wright,2,0,0,0,141,2901,10.0,5,8,0
2026-01-15 08:48:53,172.17.131.81,jessica.wright,1,0,0,0,0,0,1.0,5,8,0
2026-01-15 08:48:53,172.17.131.81,jessica.wright,2,0,0,0,1614,2279,2.0,5,8,0
2026-01-15 08:48:54,172.17.131.81,jessica.wright,1,0,0,0,0,0,3.0,5,8,0
2026-01-15 08:48:54,172.17.131.81,jessica.wright,2,0,0,0,644,7391,4.0,5,8,0
2026-01-15 08:48:54,172.17.131.81,jessica.wright,1,0,0,0,0,0,5.0,5,8,0
2026-01-15 08:48:54,172.17.131.81,jessica.wright,2,0,0,0,108,2096,6.0,5,8,0
2026-01-15 08:49:12,172.17.131.81,jessica.wright,2,0,0,0,236,4297,10.0,5,8,0
2026-01-15 08:49:12,172.17.131.81,jessica.wright,1,0,0,0,0,0,9.0,5,8,0
2026-01-15 08:49:12,172.17.131.81,jessica.wright,2,0,0,0,108,2096,7.0,5,8,0
2026-01-15 08:49:12,172.17.131.81,jessica.wright,1,0,0,0,0,0,8.0,5,8,0
2026-01-15 08:49:22,172.17.131.81,jessica.wright,1,0,0,0,0,0,11.0,5,8,0
2026-01-15 08:49:22,172.17.131.81,jessica.wright,2,0,0,0,144,2822,12.0,5,8,0
2026-01-15 08:50:08,172.17.131.81,jessica.wright,1,0,0,0,0,0,7.0,5,8,0
2026-01-15 08:50:08,172.17.131.81,jessica.wright,2,0,0,0,1247,2291,8.0,5,8,0
2026-01-15 08:50:08,172.17.131.81,jessica.wright,1,0,0,0,0,0,9.0,5,8,0
2026-01-15 08:50:08,172.17.131.81,jessica.wright,2,0,0,0,517,4108,10.0,5,8,0
2026-01-15 08:50:30,172.17.131.81,jessica.wright,1,0,0,0,0,0,6.0,5,8,0
2026-01-15 08:50:30,172.17.131.81,jessica.wright,2,0,0,0,135,1417,5.0,5,8,0
2026-01-15 08:50:37,172.17.131.81,jessica.wright,1,0,0,0,0,0,7.0,5,8,0
2026-01-15 08:50:37,172.17.131.81,jessica.wright,2,0,0,0,516,4395,8.0,5,8,0
2026-01-15 08:50:53,172.17.131.81,jessica.wright,1,0,0,0,0,0,9.0,5,8,0
2026-01-15 08:50:53,172.17.131.81,jessica.wright,2,0,0,0,232,3235,10.0,5,8,0
2026-01-15 08:51:19,172.17.131.81,jessica.wright,1,0,0,0,0,0,7.0,5,8,0
2026-01-15 08:51:19,172.17.131.81,jessica.wright,2,0,0,0,198,3421,8.0,5,8,0
2026-01-15 08:51:32,172.17.131.81,jessica.wright,1,0,0,0,0,0,8.0,5,8,0
2026-01-15 08:51:32,172.17.131.81,jessica.wright,2,0,0,0,135,1440,7.0,5,8,0
2026-01-15 08:51:40,172.17.131.81,jessica.wright,1,0,0,0,0,0,8.0,5,8,0
2026-01-15 08:51:40,172.17.131.81,jessica.wright,2,0,0,0,323,1753,7.0,5,8,0
2026-01-15 08:51:41,172.17.131.81,jessica.wright,1,0,0,0,0,0,9.0,5,8,0
2026-01-15 08:51:41,172.17.131.81,jessica.wright,2,0,0,0,112,669,10.0,5,8,0
2026-01-15 08:51:41,172.17.131.81,jessica.wright,1,0,0,0,0,0,11.0,5,8,0
2026-01-15 08:51:41,172.17.131.81,jessica.wright,2,0,0,0,106,1960,12.0,5,8,0
2026-01-15 08:53:46,172.17.131.81,jessica.wright,1,0,0,0,0,0,1.0,5,8,0
2026-01-15 08:53:46,172.17.131.81,jessica.wright,2,0,0,0,948,610,2.0,5,8,0
2026-01-15 08:55:23,172.17.131.81,michael.davis,1,0,0,0,0,0,1.0,5,8,0
2026-01-15 08:55:23,172.17.131.81,michael.davis,2,0,0,0,221,10252,2.0,5,8,0
2026-01-15 08:55:43,172.17.131.81,jessica.wright,1,0,0,0,0,0,4.0,5,8,0
2026-01-15 08:55:43,172.17.131.81,jessica.wright,2,0,0,0,980,610,3.0,5,8,0
2026-01-15 08:55:44,172.17.131.81,jessica.wright,1,0,0,0,0,0,5.0,5,8,0
2026-01-15 08:55:44,172.17.131.81,jessica.wright,2,0,0,0,108,2096,6.0,5,8,0
2026-01-15 08:56:06,172.17.131.81,jessica.wright,1,0,0,0,0,0,7.0,5,8,0
2026-01-15 08:56:06,172.17.131.81,jessica.wright,2,0,0,0,236,4297,8.0,5,8,0
2026-01-15 08:56:06,172.17.131.81,jessica.wright,1,0,0,0,0,0,9.0,5,8,0
2026-01-15 08:56:06,172.17.131.81,jessica.wright,2,0,0,0,108,2096,10.0,5,8,0
2026-01-15 08:56:11,172.17.131.81,michael.davis,1,0,0,0,0,0,12.0,5,8,0
2026-01-15 08:56:11,172.17.131.81,michael.davis,2,0,0,0,363,103476,11.0,5,8,0
2026-01-15 08:56:18,172.17.131.81,jessica.wright,1,0,0,0,0,0,13.0,5,8,0
2026-01-15 08:56:19,172.17.131.81,jessica.wright,2,0,0,0,144,2822,14.0,5,8,0
2026-01-15 08:56:20,172.17.131.81,brian.potter,1,0,0,0,0,0,15.0,6,8,0
2026-01-15 08:56:20,172.17.131.81,brian.potter,1,0,0,0,0,0,16.0,6,8,0
2026-01-15 08:56:20,172.17.131.81,brian.potter,2,0,0,0,8,416,17.0,6,8,0
2026-01-15 08:56:20,172.17.131.81,brian.potter,2,0,0,0,124,725,18.0,6,8,0
2026-01-15 08:56:20,172.17.131.81,brian.potter,1,0,0,0,0,0,19.0,6,8,0
2026-01-15 08:56:20,172.17.131.81,brian.potter,2,0,0,0,70,599,20.0,6,8,0
2026-01-15 08:56:21,172.17.131.81,brian.potter,1,0,0,0,0,0,21.0,6,8,0
2026-01-15 08:56:21,172.17.131.81,brian.potter,2,0,0,0,221,14878,22.0,6,8,0
2026-01-15 08:57:58,172.17.131.81,jessica.wright,1,0,0,0,0,0,2.0,6,8,0
2026-01-15 08:57:58,172.17.131.81,jessica.wright,2,0,0,0,1494,2235,1.0,6,8,0
2026-01-15 08:57:59,172.17.131.81,jessica.wright,1,0,0,0,0,0,3.0,6,8,0
2026-01-15 08:57:59,172.17.131.81,jessica.wright,2,0,0,0,107,1007,4.0,6,8,0
2026-01-15 08:58:44,172.17.131.81,brian.potter,1,0,0,0,0,0,5.0,6,8,0
2026-01-15 08:58:44,172.17.131.81,brian.potter,2,0,0,0,184,14748,6.0,6,8,0
2026-01-15 09:04:36,172.17.131.81,brian.potter,1,0,0,0,0,0,1.0,6,9,0
2026-01-15 09:04:36,172.17.131.81,brian.potter,2,0,0,0,1214,611,2.0,6,9,0
2026-01-15 09:05:24,172.17.131.81,brian.potter,1,0,0,0,0,0,4.0,6,9,0
2026-01-15 09:05:24,172.17.131.81,brian.potter,2,0,0,0,722,611,3.0,6,9,0
2026-01-15 09:05:25,172.17.131.81,brian.potter,1,0,0,0,0,0,6.0,6,9,0
2026-01-15 09:05:25,172.17.131.81,brian.potter,2,0,0,0,334,5611,5.0,6,9,0
2026-01-15 09:05:48,172.17.131.81,brian.potter,1,0,0,0,0,0,5.0,6,9,0
2026-01-15 09:05:48,172.17.131.81,brian.potter,2,0,0,0,202,3067,6.0,6,9,0
2026-01-15 09:05:53,172.17.131.81,michael.davis,1,0,0,0,0,0,7.0,6,9,0
2026-01-15 09:05:53,172.17.131.81,michael.davis,2,0,0,0,184,10157,8.0,6,9,0
2026-01-15 09:06:04,172.17.131.81,brian.potter,1,0,0,0,0,0,9.0,6,9,0
2026-01-15 09:06:04,172.17.131.81,brian.potter,2,0,0,0,144,2409,10.0,6,9,0
2026-01-15 09:06:24,172.17.131.81,michael.davis,1,0,0,0,0,0,9.0,6,9,0
2026-01-15 09:06:24,172.17.131.81,michael.davis,2,0,0,0,334,5538,10.0,6,9,0
2026-01-15 09:07:01,172.17.131.81,michael.davis,1,0,0,0,0,0,6.0,6,9,0
2026-01-15 09:07:01,172.17.131.81,michael.davis,2,0,0,0,202,3180,5.0,6,9,0
2026-01-15 09:07:47,172.17.131.81,michael.davis,1,0,0,0,0,0,3.0,6,9,0
2026-01-15 09:07:47,172.17.131.81,michael.davis,2,0,0,0,137,1366,4.0,6,9,0
2026-01-15 09:07:51,172.17.131.81,meghan.morris,1,0,0,0,0,0,5.0,6,9,0
2026-01-15 09:07:51,172.17.131.81,meghan.morris,1,0,0,0,0,0,6.0,6,9,0
2026-01-15 09:07:51,172.17.131.81,meghan.morris,2,0,0,0,8,416,7.0,6,9,0
2026-01-15 09:07:51,172.17.131.81,meghan.morris,2,0,0,0,124,725,8.0,6,9,0
2026-01-15 09:07:51,172.17.131.81,meghan.morris,1,0,0,0,0,0,9.0,6,9,0
2026-01-15 09:07:51,172.17.131.81,meghan.morris,2,0,0,0,70,599,10.0,6,9,0
2026-01-15 09:07:52,172.17.131.81,meghan.morris,1,0,0,0,0,0,12.0,6,9,0
2026-01-15 09:07:52,172.17.131.81,meghan.morris,2,0,0,0,221,8186,11.0,6,9,0
2026-01-15 09:08:00,172.17.131.81,brian.potter,1,0,0,0,0,0,13.0,6,9,0
2026-01-15 09:08:00,172.17.131.81,brian.potter,2,0,0,0,1801,2395,14.0,6,9,0
2026-01-15 09:08:01,172.17.131.81,brian.potter,1,0,0,0,0,0,13.0,6,9,0
2026-01-15 09:08:01,172.17.131.81,brian.potter,2,0,0,0,324,1865,14.0,6,9,0
2026-01-15 09:09:07,172.17.131.81,brian.potter,1,0,0,0,0,0,1.0,6,9,0
2026-01-15 09:09:07,172.17.131.81,brian.potter,2,0,0,0,791,611,2.0,6,9,0
2026-01-15 09:09:08,172.17.131.81,brian.potter,1,0,0,0,0,0,4.0,6,9,0
2026-01-15 09:09:08,172.17.131.81,brian.potter,2,0,0,0,112,670,3.0,6,9,0
2026-01-15 09:10:09,172.17.131.81,michael.davis,1,0,0,0,0,0,2.0,6,9,0
2026-01-15 09:10:09,172.17.131.81,michael.davis,2,0,0,0,1058,611,1.0,6,9,0
2026-01-15 09:11:33,172.17.131.81,jessica.wright,1,0,0,0,0,0,1.0,6,9,0
2026-01-15 09:11:33,172.17.131.81,jessica.wright,2,0,0,0,221,8524,2.0,6,9,0
2026-01-15 09:11:56,172.17.131.81,michael.davis,1,0,0,0,0,0,3.0,6,9,0
2026-01-15 09:11:56,172.17.131.81,michael.davis,2,0,0,0,1019,611,4.0,6,9,0
2026-01-15 09:11:57,172.17.131.81,michael.davis,1,0,0,0,0,0,5.0,6,9,0
2026-01-15 09:11:57,172.17.131.81,michael.davis,2,0,0,0,330,5755,6.0,6,9,0
2026-01-15 09:12:01,172.17.131.81,jessica.wright,1,0,0,0,0,0,8.0,6,9,0
2026-01-15 09:12:01,172.17.131.81,jessica.wright,2,0,0,0,326,5383,7.0,6,9,0
2026-01-15 09:12:21,172.17.131.81,jessica.wright,1,0,0,0,0,0,9.0,6,9,0
2026-01-15 09:12:22,172.17.131.81,jessica.wright,2,0,0,0,198,3106,10.0,6,9,0
2026-01-15 09:12:34,172.17.131.81,jessica.wright,1,0,0,0,0,0,9.0,6,9,0
2026-01-15 09:12:34,172.17.131.81,jessica.wright,2,0,0,0,135,1427,10.0,6,9,0
2026-01-15 09:12:36,172.17.131.81,michael.davis,1,0,0,0,0,0,11.0,6,9,0
2026-01-15 09:12:36,172.17.131.81,michael.davis,2,0,0,0,198,3414,12.0,6,9,0
2026-01-15 09:13:13,172.17.131.81,michael.davis,1,0,0,0,0,0,7.0,6,9,0
2026-01-15 09:13:13,172.17.131.81,michael.davis,2,0,0,0,141,2906,8.0,6,9,0
2026-01-15 09:13:51,172.17.131.81,michael.davis,1,0,0,0,0,0,3.0,6,9,0
2026-01-15 09:13:51,172.17.131.81,michael.davis,2,0,0,0,1567,2255,4.0,6,9,0
2026-01-15 09:15:41,172.17.131.81,michael.davis,1,0,0,0,0,0,2.0,6,9,0
2026-01-15 09:15:41,172.17.131.81,michael.davis,2,0,0,0,1050,611,1.0,6,9,0
2026-01-15 09:19:04,172.17.131.81,brian.potter,1,0,0,0,0,0,1.0,6,9,0
2026-01-15 09:19:04,172.17.131.81,brian.potter,2,0,0,0,221,15297,2.0,6,9,0
2026-01-15 09:20:38,172.17.131.81,brian.potter,1,0,0,0,0,0,1.0,6,9,0
2026-01-15 09:20:38,172.17.131.81,brian.potter,2,0,0,0,789,611,2.0,6,9,0
2026-01-15 09:20:39,172.17.131.81,brian.potter,1,0,0,0,0,0,3.0,6,9,0
2026-01-15 09:20:39,172.17.131.81,brian.potter,2,0,0,0,326,6452,4.0,6,9,0
2026-01-15 09:20:57,172.17.131.81,brian.potter,1,0,0,0,0,0,5.0,6,9,0
2026-01-15 09:20:57,172.17.131.81,brian.potter,2,0,0,0,135,1412,6.0,6,9,0
2026-01-15 09:21:08,172.17.131.81,brian.potter,1,0,0,0,0,0,8.0,6,9,0
2026-01-15 09:21:08,172.17.131.81,brian.potter,2,0,0,0,610,6367,7.0,6,9,0
2026-01-15 09:21:24,172.17.131.81,brian.potter,1,0,0,0,0,0,9.0,6,9,0
2026-01-15 09:21:24,172.17.131.81,brian.potter,2,0,0,0,202,3393,10.0,6,9,0
2026-01-15 09:21:47,172.17.131.81,brian.potter,1,0,0,0,0,0,7.0,6,9,0
2026-01-15 09:21:47,172.17.131.81,brian.potter,2,0,0,0,137,1466,8.0,6,9,0
2026-01-15 09:21:57,172.17.131.81,michael.davis,1,0,0,0,0,0,7.0,6,9,0
2026-01-15 09:21:57,172.17.131.81,michael.davis,2,0,0,0,929,611,8.0,6,9,0
2026-01-15 09:21:58,172.17.131.81,michael.davis,1,0,0,0,0,0,9.0,6,9,0
2026-01-15 09:21:58,172.17.131.81,michael.davis,2,0,0,0,616,8278,10.0,6,9,0
2026-01-15 09:22:10,172.17.131.81,brian.potter,1,0,0,0,0,0,10.0,6,9,0
2026-01-15 09:22:10,172.17.131.81,brian.potter,2,0,0,0,517,5652,9.0,6,9,0
2026-01-15 09:22:50,172.17.131.81,michael.davis,1,0,0,0,0,0,7.0,6,9,0
2026-01-15 09:22:50,172.17.131.81,michael.davis,2,0,0,0,137,1635,8.0,6,9,0
2026-01-15 09:25:25,172.17.131.81,michael.davis,1,0,0,0,0,0,1.0,6,9,0
2026-01-15 09:25:25,172.17.131.81,michael.davis,2,0,0,0,1136,611,2.0,6,9,0
2026-01-15 09:25:33,172.17.131.81,daniel.morgan,1,0,0,0,0,0,3.0,6,9,0
2026-01-15 09:25:33,172.17.131.81,daniel.morgan,2,0,0,0,221,19480,4.0,6,9,0
2026-01-15 09:27:00,172.17.131.81,brian.potter,1,0,0,0,0,0,1.0,6,9,0
2026-01-15 09:27:00,172.17.131.81,brian.potter,2,0,0,0,237,2993,2.0,6,9,0
2026-01-15 09:27:01,172.17.131.81,michael.davis,1,0,0,0,0,0,3.0,6,9,0
2026-01-15 09:27:01,172.17.131.81,michael.davis,2,0,0,0,963,611,4.0,6,9,0
2026-01-15 09:27:02,172.17.131.81,michael.davis,1,0,0,0,0,0,5.0,6,9,0
2026-01-15 09:27:02,172.17.131.81,michael.davis,2,0,0,0,611,6099,6.0,6,9,0
2026-01-15 09:27:22,172.17.131.81,brian.potter,1,0,0,0,0,0,8.0,6,9,0
2026-01-15 09:27:22,172.17.131.81,brian.potter,2,0,0,0,334,5929,7.0,6,9,0
2026-01-15 09:27:24,172.17.131.81,michael.davis,1,0,0,0,0,0,9.0,6,9,0
2026-01-15 09:27:24,172.17.131.81,michael.davis,2,0,0,0,112,669,10.0,6,9,0
2026-01-15 09:27:30,172.17.131.81,daniel.morgan,1,0,0,0,0,0,11.0,6,9,0
2026-01-15 09:27:30,172.17.131.81,daniel.morgan,2,0,0,0,990,610,12.0,6,9,0
2026-01-15 09:28:09,172.17.131.81,meghan.morris,1,0,0,0,0,0,7.0,6,9,0
2026-01-15 09:28:09,172.17.131.81,meghan.morris,2,0,0,0,221,9597,8.0,6,9,0
2026-01-15 09:28:34,172.17.131.81,michael.davis,1,0,0,0,0,0,3.0,6,9,0
2026-01-15 09:28:34,172.17.131.81,michael.davis,2,0,0,0,741,611,4.0,6,9,0
2026-01-15 09:28:42,172.17.131.81,meghan.morris,1,0,0,0,0,0,6.0,6,9,0
2026-01-15 09:28:42,172.17.131.81,meghan.morris,2,0,0,0,611,6100,5.0,6,9,0
2026-01-15 09:29:09,172.17.131.81,daniel.morgan,1,0,0,0,0,0,5.0,6,9,0
2026-01-15 09:29:09,172.17.131.81,daniel.morgan,2,0,0,0,902,610,6.0,6,9,0
2026-01-15 09:29:10,172.17.131.81,daniel.morgan,1,0,0,0,0,0,7.0,6,9,0
2026-01-15 09:29:10,172.17.131.81,daniel.morgan,2,0,0,0,326,5518,8.0,6,9,0
2026-01-15 09:29:15,172.17.131.81,brian.potter,1,0,0,0,0,0,9.0,6,9,0
2026-01-15 09:29:15,172.17.131.81,brian.potter,2,0,0,0,901,611,10.0,6,9,0
2026-01-15 09:29:23,172.17.131.81,meghan.morris,1,0,0,0,0,0,11.0,6,9,0
2026-01-15 09:29:23,172.17.131.81,meghan.morris,2,0,0,0,202,3092,12.0,6,9,0
2026-01-15 09:29:34,172.17.131.81,michael.davis,1,0,0,0,0,0,12.0,6,9,0
2026-01-15 09:29:34,172.17.131.81,michael.davis,2,0,0,0,849,611,11.0,6,9,0
2026-01-15 09:29:45,172.17.131.81,meghan.morris,1,0,0,0,0,0,11.0,6,9,0
2026-01-15 09:29:45,172.17.131.81,meghan.morris,2,0,0,0,144,2554,12.0,6,9,0
2026-01-15 09:29:47,172.17.131.81,daniel.morgan,1,0,0,0,0,0,13.0,6,9,0
2026-01-15 09:29:47,172.17.131.81,daniel.morgan,2,0,0,0,198,3427,14.0,6,9,0
2026-01-15 09:30:11,172.17.131.81,daniel.morgan,1,0,0,0,0,0,11.0,6,9,0
2026-01-15 09:30:11,172.17.131.81,daniel.morgan,2,0,0,0,410,2322,12.0,6,9,0
2026-01-15 09:30:28,172.17.131.81,michael.davis,1,0,0,0,0,0,9.0,6,9,0
2026-01-15 09:30:28,172.17.131.81,michael.davis,2,0,0,0,137,1366,10.0,6,9,0
2026-01-15 09:30:33,172.17.131.81,daniel.morgan,1,0,0,0,0,0,12.0,6,9,0
2026-01-15 09:30:33,172.17.131.81,daniel.morgan,2,0,0,0,368,67023,11.0,6,9,0
2026-01-15 09:30:35,172.17.131.81,meghan.morris,1,0,0,0,0,0,11.0,6,9,0
2026-01-15 09:30:35,172.17.131.81,meghan.morris,2,0,0,0,1578,2276,12.0,6,9,0
2026-01-15 09:30:36,172.17.131.81,meghan.morris,1,0,0,0,0,0,13.0,6,9,0
2026-01-15 09:30:36,172.17.131.81,meghan.morris,2,0,0,0,327,2246,14.0,6,9,0
2026-01-15 09:30:36,172.17.131.81,meghan.morris,1,0,0,0,0,0,15.0,6,9,0
2026-01-15 09:30:36,172.17.131.81,meghan.morris,2,0,0,0,330,5488,16.0,6,9,0
2026-01-15 09:30:49,172.17.131.81,daniel.morgan,1,0,0,0,0,0,13.0,6,9,0
2026-01-15 09:30:49,172.17.131.81,daniel.morgan,2,0,0,0,236,64361,14.0,6,9,0
2026-01-15 09:31:03,172.17.131.81,daniel.morgan,1,0,0,0,0,0,18.0,6,9,0
2026-01-15 09:31:03,172.17.131.81,daniel.morgan,2,0,0,0,137,1428,17.0,6,9,0
2026-01-15 09:31:03,172.17.131.81,meghan.morris,1,0,0,0,0,0,16.0,6,9,0
2026-01-15 09:31:03,172.17.131.81,meghan.morris,2,0,0,0,202,3075,15.0,6,9,0
2026-01-15 09:31:33,172.17.131.81,michael.davis,1,0,0,0,0,0,13.0,6,9,0
2026-01-15 09:31:33,172.17.131.81,michael.davis,2,0,0,0,1046,611,14.0,6,9,0
2026-01-15 09:31:45,172.17.131.81,daniel.morgan,1,0,0,0,0,0,9.0,6,9,0
2026-01-15 09:31:45,172.17.131.81,daniel.morgan,2,0,0,0,521,6565,10.0,6,9,0
2026-01-15 09:31:48,172.17.131.81,meghan.morris,1,0,0,0,0,0,11.0,6,9,0
2026-01-15 09:31:48,172.17.131.81,meghan.morris,2,0,0,0,144,2453,12.0,6,9,0
2026-01-15 09:32:31,172.17.131.81,daniel.morgan,1,0,0,0,0,0,7.0,6,9,0
2026-01-15 09:32:31,172.17.131.81,daniel.morgan,2,0,0,0,137,1352,8.0,6,9,0
2026-01-15 09:32:49,172.17.131.81,daniel.morgan,1,0,0,0,0,0,4.0,6,9,0
2026-01-15 09:32:49,172.17.131.81,daniel.morgan,2,0,0,0,232,3332,3.0,6,9,0
2026-01-15 09:33:45,172.17.131.81,meghan.morris,1,0,0,0,0,0,3.0,6,9,0
2026-01-15 09:33:45,172.17.131.81,meghan.morris,2,0,0,0,1816,2360,4.0,6,9,0
2026-01-15 09:38:25,172.17.131.81,meghan.morris,1,0,0,0,0,0,1.0,6,9,0
2026-01-15 09:38:25,172.17.131.81,meghan.morris,2,0,0,0,893,611,2.0,6,9,0
2026-01-15 09:38:26,172.17.131.81,meghan.morris,1,0,0,0,0,0,3.0,6,9,0
2026-01-15 09:38:26,172.17.131.81,meghan.morris,2,0,0,0,327,2293,4.0,6,9,0
2026-01-15 09:38:26,172.17.131.81,meghan.morris,1,0,0,0,0,0,5.0,6,9,0
2026-01-15 09:38:26,172.17.131.81,meghan.morris,2,0,0,0,330,4761,6.0,6,9,0
2026-01-15 09:38:46,172.17.131.81,meghan.morris,1,0,0,0,0,0,8.0,6,9,0
2026-01-15 09:38:46,172.17.131.81,meghan.morris,2,0,0,0,135,1441,7.0,6,9,0
2026-01-15 09:52:08,172.17.131.81,daniel.morgan,1,0,0,0,0,0,1.0,6,9,0
2026-01-15 09:52:08,172.17.131.81,daniel.morgan,2,0,0,0,221,20521,2.0,6,9,0
2026-01-15 09:54:41,172.17.131.81,daniel.morgan,1,0,0,0,0,0,1.0,6,9,0
2026-01-15 09:54:41,172.17.131.81,daniel.morgan,2,0,0,0,1021,611,2.0,6,9,0
2026-01-15 10:10:14,172.17.131.81,carole.noble,2,0,0,0,8,416,6.0,7,10,0
2026-01-15 10:10:14,172.17.131.81,carole.noble,1,0,0,0,0,0,4.0,7,10,0
2026-01-15 10:10:14,172.17.131.81,carole.noble,1,0,0,0,0,0,5.0,7,10,0
2026-01-15 10:10:14,172.17.131.81,carole.noble,2,0,0,0,124,725,2.0,7,10,0
2026-01-15 10:10:14,172.17.131.81,carole.noble,2,0,0,0,70,599,1.0,7,10,0
2026-01-15 10:10:14,172.17.131.81,carole.noble,1,0,0,0,0,0,3.0,7,10,0
2026-01-15 10:10:15,172.17.131.81,carole.noble,1,0,0,0,0,0,7.0,7,10,0
2026-01-15 10:10:15,172.17.131.81,carole.noble,2,0,0,0,221,27401,8.0,7,10,0
2026-01-15 10:13:04,172.17.131.81,daniel.morgan,1,0,0,0,0,0,1.0,7,10,0
2026-01-15 10:13:04,172.17.131.81,daniel.morgan,2,0,0,0,221,22463,2.0,7,10,0
2026-01-15 10:13:39,172.17.131.81,daniel.morgan,1,0,0,0,0,0,3.0,7,10,0
2026-01-15 10:13:39,172.17.131.81,daniel.morgan,2,0,0,0,326,5848,4.0,7,10,0
2026-01-15 10:14:16,172.17.131.81,daniel.morgan,1,0,0,0,0,0,3.0,7,10,0
2026-01-15 10:14:16,172.17.131.81,daniel.morgan,2,0,0,0,135,1365,4.0,7,10,0
2026-01-15 10:18:24,172.17.131.81,carole.noble,1,0,0,0,0,0,1.0,7,10,0
2026-01-15 10:18:25,172.17.131.81,carole.noble,2,0,0,0,184,27221,2.0,7,10,0
2026-01-15 10:18:43,172.17.131.81,carole.noble,1,0,0,0,0,0,3.0,7,10,0
2026-01-15 10:18:43,172.17.131.81,carole.noble,2,0,0,0,330,6074,4.0,7,10,0
2026-01-15 10:18:51,172.17.131.81,carole.noble,1,0,0,0,0,0,5.0,7,10,0
2026-01-15 10:18:51,172.17.131.81,carole.noble,2,0,0,0,112,670,6.0,7,10,0
2026-01-15 10:20:23,172.17.131.81,carole.noble,1,0,0,0,0,0,1.0,7,10,0
2026-01-15 10:20:23,172.17.131.81,carole.noble,2,0,0,0,937,611,2.0,7,10,0
2026-01-15 10:21:49,172.17.131.81,carole.noble,1,0,0,0,0,0,1.0,7,10,0
2026-01-15 10:21:49,172.17.131.81,carole.noble,2,0,0,0,930,611,2.0,7,10,0
2026-01-15 10:22:30,172.17.131.81,carole.noble,1,0,0,0,0,0,4.0,7,10,0
2026-01-15 10:22:30,172.17.131.81,carole.noble,2,0,0,0,720,611,3.0,7,10,0
2026-01-15 10:24:38,172.17.131.81,carole.noble,1,0,0,0,0,0,1.0,7,10,0
2026-01-15 10:24:38,172.17.131.81,carole.noble,2,0,0,0,1061,611,2.0,7,10,0
2026-01-15 10:25:23,172.17.131.81,meghan.morris,1,0,0,0,0,0,3.0,7,10,0
2026-01-15 10:25:24,172.17.131.81,meghan.morris,2,0,0,0,221,11941,4.0,7,10,0
2026-01-15 10:35:16,172.17.131.81,brian.potter,1,0,0,0,0,0,1.0,7,10,0
2026-01-15 10:35:17,172.17.131.81,brian.potter,2,0,0,0,221,17284,2.0,7,10,0
2026-01-15 10:35:37,172.17.131.81,brian.potter,1,0,0,0,0,0,3.0,7,10,0
2026-01-15 10:35:37,172.17.131.81,brian.potter,2,0,0,0,334,5918,4.0,7,10,0
2026-01-15 10:37:50,172.17.131.81,brian.potter,1,0,0,0,0,0,2.0,7,10,0
2026-01-15 10:37:50,172.17.131.81,brian.potter,2,0,0,0,1007,611,1.0,7,10,0
2026-01-15 10:40:23,172.17.131.81,meghan.morris,1,0,0,0,0,0,1.0,7,10,0
2026-01-15 10:40:23,172.17.131.81,meghan.morris,2,0,0,0,221,12423,2.0,7,10,0
2026-01-15 10:47:29,172.17.131.81,meghan.morris,1,0,0,0,0,0,1.0,7,10,0
2026-01-15 10:47:29,172.17.131.81,meghan.morris,2,0,0,0,184,12328,2.0,7,10,0
2026-01-15 10:48:16,172.17.131.81,meghan.morris,1,0,0,0,0,0,3.0,7,10,0
2026-01-15 10:48:16,172.17.131.81,meghan.morris,2,0,0,0,368,125783,4.0,7,10,0
2026-01-15 10:48:35,172.17.131.81,meghan.morris,1,0,0,0,0,0,3.0,7,10,0
2026-01-15 10:48:35,172.17.131.81,meghan.morris,2,0,0,0,236,123489,4.0,7,10,0
2026-01-15 10:49:24,172.17.131.81,meghan.morris,1,0,0,0,0,0,4.0,7,10,0
2026-01-15 10:49:24,172.17.131.81,meghan.morris,2,0,0,0,137,1432,3.0,7,10,0
2026-01-15 10:49:57,172.17.131.81,meghan.morris,1,0,0,0,0,0,3.0,7,10,0
2026-01-15 10:49:57,172.17.131.81,meghan.morris,2,0,0,0,606,6054,4.0,7,10,0
2026-01-15 10:50:20,172.17.131.81,meghan.morris,1,0,0,0,0,0,5.0,7,10,0
2026-01-15 10:50:20,172.17.131.81,meghan.morris,2,0,0,0,198,3281,6.0,7,10,0
2026-01-15 10:50:58,172.17.131.81,meghan.morris,1,0,0,0,0,0,3.0,7,10,0
2026-01-15 10:50:58,172.17.131.81,meghan.morris,2,0,0,0,141,2731,4.0,7,10,0
2026-01-15 10:52:03,172.17.131.81,meghan.morris,1,0,0,0,0,0,1.0,7,10,0
2026-01-15 10:52:03,172.17.131.81,meghan.morris,2,0,0,0,1535,2287,2.0,7,10,0
2026-01-15 10:52:19,172.17.131.81,meghan.morris,1,0,0,0,0,0,4.0,7,10,0
2026-01-15 10:52:19,172.17.131.81,meghan.morris,2,0,0,0,516,5500,3.0,7,10,0
2026-01-15 10:52:43,172.17.131.81,meghan.morris,1,0,0,0,0,0,5.0,7,10,0
2026-01-15 10:52:43,172.17.131.81,meghan.morris,2,0,0,0,198,2769,6.0,7,10,0
2026-01-15 10:52:54,172.17.131.81,meghan.morris,1,0,0,0,0,0,7.0,7,10,0
2026-01-15 10:52:54,172.17.131.81,meghan.morris,2,0,0,0,141,2220,8.0,7,10,0
2026-01-15 10:53:58,172.17.131.81,meghan.morris,1,0,0,0,0,0,1.0,7,10,0
2026-01-15 10:53:58,172.17.131.81,meghan.morris,2,0,0,0,1379,2286,2.0,7,10,0
2026-01-15 10:54:30,172.17.131.81,meghan.morris,1,0,0,0,0,0,3.0,7,10,0
2026-01-15 10:54:30,172.17.131.81,meghan.morris,2,0,0,0,726,611,4.0,7,10,0
2026-01-15 10:54:43,172.17.131.81,meghan.morris,1,0,0,0,0,0,6.0,7,10,0
2026-01-15 10:54:43,172.17.131.81,meghan.morris,2,0,0,0,198,2769,5.0,7,10,0
2026-01-15 10:55:23,172.17.131.81,meghan.morris,1,0,0,0,0,0,5.0,7,10,0
2026-01-15 10:55:23,172.17.131.81,meghan.morris,2,0,0,0,305,1779,6.0,7,10,0
2026-01-15 11:17:56,172.17.131.81,meghan.morris,1,0,0,0,0,0,1.0,7,11,0
2026-01-15 11:17:56,172.17.131.81,meghan.morris,2,0,0,0,184,12378,2.0,7,11,0
2026-01-15 12:02:13,172.17.131.81,carole.noble,1,0,0,0,0,0,1.0,7,12,0
2026-01-15 12:02:13,172.17.131.81,carole.noble,2,0,0,0,221,31511,2.0,7,12,0
2026-01-15 12:21:08,172.17.131.81,michael.davis,1,0,0,0,0,0,1.0,7,12,0
2026-01-15 12:21:09,172.17.131.81,michael.davis,1,0,0,0,0,0,4.0,7,12,0
2026-01-15 12:21:09,172.17.131.81,michael.davis,2,0,0,0,8,416,3.0,7,12,0
2026-01-15 12:21:09,172.17.131.81,michael.davis,2,0,0,0,124,725,2.0,7,12,0
2026-01-15 12:21:36,172.17.131.81,michael.davis,3,0,5,27,0,0,5.0,7,12,0
2026-01-15 12:21:49,172.17.131.81,michael.davis,3,0,3,13,0,0,6.0,7,12,0
2026-01-15 12:22:54,172.17.131.81,meghan.morris,1,0,0,0,0,0,1.0,7,12,0
2026-01-15 12:22:54,172.17.131.81,meghan.morris,2,0,0,0,221,13489,2.0,7,12,0
2026-01-15 12:37:10,172.17.131.81,carole.noble,1,0,0,0,0,0,1.0,7,12,0
2026-01-15 12:37:10,172.17.131.81,carole.noble,2,0,0,0,221,35116,2.0,7,12,0
2026-01-15 12:38:32,172.17.131.81,meghan.morris,1,0,0,0,0,0,1.0,7,12,0
2026-01-15 12:38:33,172.17.131.81,meghan.morris,2,0,0,0,184,13387,2.0,7,12,0
2026-01-15 12:39:05,172.17.131.81,carole.noble,1,0,0,0,0,0,4.0,7,12,0
2026-01-15 12:39:05,172.17.131.81,carole.noble,2,0,0,0,995,611,3.0,7,12,0
2026-01-15 12:39:06,172.17.131.81,carole.noble,1,0,0,0,0,0,5.0,7,12,0
2026-01-15 12:39:06,172.17.131.81,carole.noble,2,0,0,0,517,7387,6.0,7,12,0
2026-01-15 12:39:21,172.17.131.81,meghan.morris,1,0,0,0,0,0,7.0,7,12,0
2026-01-15 12:39:21,172.17.131.81,meghan.morris,2,0,0,0,368,103494,8.0,7,12,0
2026-01-15 12:39:24,172.17.131.81,carole.noble,1,0,0,0,0,0,9.0,7,12,0
2026-01-15 12:39:24,172.17.131.81,carole.noble,2,0,0,0,198,3741,10.0,7,12,0
2026-01-15 12:39:48,172.17.131.81,meghan.morris,1,0,0,0,0,0,9.0,7,12,0
2026-01-15 12:39:48,172.17.131.81,meghan.morris,2,0,0,0,202,3171,10.0,7,12,0
2026-01-15 12:39:50,172.17.131.81,carole.noble,1,0,0,0,0,0,12.0,7,12,0
2026-01-15 12:39:50,172.17.131.81,carole.noble,2,0,0,0,141,3106,11.0,7,12,0
2026-01-15 12:40:34,172.17.131.81,meghan.morris,1,0,0,0,0,0,6.0,7,12,0
2026-01-15 12:40:34,172.17.131.81,meghan.morris,2,0,0,0,144,2670,5.0,7,12,0
2026-01-15 12:40:55,172.17.131.81,carole.noble,1,0,0,0,0,0,3.0,7,12,0
2026-01-15 12:40:55,172.17.131.81,carole.noble,2,0,0,0,2036,2387,4.0,7,12,0
2026-01-15 12:42:09,172.17.131.81,meghan.morris,1,0,0,0,0,0,1.0,7,12,0
2026-01-15 12:42:09,172.17.131.81,meghan.morris,2,0,0,0,1513,2240,2.0,7,12,0
2026-01-15 12:43:41,172.17.131.81,carole.noble,2,0,0,0,8,416,7.0,7,12,0
2026-01-15 12:43:41,172.17.131.81,carole.noble,1,0,0,0,0,0,6.0,7,12,0
2026-01-15 12:43:41,172.17.131.81,carole.noble,1,0,0,0,0,0,4.0,7,12,0
2026-01-15 12:43:41,172.17.131.81,carole.noble,1,0,0,0,0,0,5.0,7,12,0
2026-01-15 12:43:41,172.17.131.81,carole.noble,2,0,0,0,70,599,2.0,7,12,0
2026-01-15 12:43:41,172.17.131.81,carole.noble,1,0,0,0,0,0,1.0,7,12,0
2026-01-15 12:43:41,172.17.131.81,carole.noble,2,0,0,0,124,725,3.0,7,12,0
2026-01-15 12:43:42,172.17.131.81,carole.noble,2,0,0,0,221,36100,8.0,7,12,0
2026-01-15 12:44:14,172.17.131.81,carole.noble,1,0,0,0,0,0,9.0,7,12,0
2026-01-15 12:44:14,172.17.131.81,carole.noble,2,0,0,0,330,6074,10.0,7,12,0
2026-01-15 12:44:35,172.17.131.81,carole.noble,1,0,0,0,0,0,12.0,7,12,0
2026-01-15 12:44:35,172.17.131.81,carole.noble,2,0,0,0,135,1432,11.0,7,12,0
2026-01-15 12:45:51,172.17.131.81,carole.noble,2,0,0,0,834,611,4.0,7,12,0
2026-01-15 12:45:51,172.17.131.81,carole.noble,1,0,0,0,0,0,3.0,7,12,0
2026-01-15 12:45:51,172.17.131.81,carole.noble,2,0,0,0,334,5547,1.0,7,12,0
2026-01-15 12:45:51,172.17.131.81,carole.noble,1,0,0,0,0,0,2.0,7,12,0
2026-01-15 12:46:01,172.17.131.81,carole.noble,1,0,0,0,0,0,5.0,7,12,0
2026-01-15 12:46:01,172.17.131.81,carole.noble,2,0,0,0,202,3189,6.0,7,12,0
2026-01-15 12:46:20,172.17.131.81,carole.noble,1,0,0,0,0,0,7.0,7,12,0
2026-01-15 12:46:20,172.17.131.81,carole.noble,2,0,0,0,137,1376,8.0,7,12,0
2026-01-15 12:50:00,172.17.131.81,carole.noble,1,0,0,0,0,0,1.0,7,12,0
2026-01-15 12:50:00,172.17.131.81,carole.noble,2,0,0,0,330,5589,2.0,7,12,0
2026-01-15 12:50:17,172.17.131.81,carole.noble,1,0,0,0,0,0,4.0,7,12,0
2026-01-15 12:50:17,172.17.131.81,carole.noble,2,0,0,0,330,5725,3.0,7,12,0
2026-01-15 12:50:35,172.17.131.81,carole.noble,1,0,0,0,0,0,5.0,7,12,0
2026-01-15 12:50:35,172.17.131.81,carole.noble,2,0,0,0,198,3741,6.0,7,12,0
2026-01-15 12:50:55,172.17.131.81,carole.noble,1,0,0,0,0,0,7.0,7,12,0
2026-01-15 12:50:55,172.17.131.81,carole.noble,2,0,0,0,141,3098,8.0,7,12,0
2026-01-15 12:51:47,172.17.131.81,carole.noble,1,0,0,0,0,0,3.0,7,12,0
2026-01-15 12:51:48,172.17.131.81,carole.noble,2,0,0,0,2002,2323,4.0,7,12,0
2026-01-15 12:52:35,172.17.131.81,carole.noble,1,0,0,0,0,0,3.0,7,12,0
2026-01-15 12:52:35,172.17.131.81,carole.noble,2,0,0,0,788,611,4.0,7,12,0
2026-01-15 12:54:36,172.17.131.81,carole.noble,1,0,0,0,0,0,1.0,7,12,0
2026-01-15 12:54:36,172.17.131.81,carole.noble,2,0,0,0,1410,611,2.0,7,12,0
2026-01-15 12:56:05,172.17.131.81,carole.noble,1,0,0,0,0,0,2.0,7,12,0
2026-01-15 12:56:05,172.17.131.81,carole.noble,2,0,0,0,924,611,1.0,7,12,0
2026-01-15 12:56:06,172.17.131.81,carole.noble,1,0,0,0,0,0,3.0,7,12,0
2026-01-15 12:56:06,172.17.131.81,carole.noble,2,0,0,0,334,5465,4.0,7,12,0
2026-01-15 12:56:19,172.17.131.81,carole.noble,1,0,0,0,0,0,5.0,7,12,0
2026-01-15 12:56:19,172.17.131.81,carole.noble,2,0,0,0,137,1496,6.0,7,12,0
2026-01-15 12:56:41,172.17.131.81,carole.noble,1,0,0,0,0,0,7.0,7,12,0
2026-01-15 12:56:41,172.17.131.81,carole.noble,2,0,0,0,521,7133,8.0,7,12,0
2026-01-15 13:06:21,172.17.131.81,carole.noble,1,0,0,0,0,0,1.0,7,13,0
2026-01-15 13:06:21,172.17.131.81,carole.noble,2,0,0,0,184,36021,2.0,7,13,0
2026-01-15 13:08:38,172.17.131.81,carole.noble,1,0,0,0,0,0,2.0,7,13,0
2026-01-15 13:08:38,172.17.131.81,carole.noble,2,0,0,0,1069,611,1.0,7,13,0
2026-01-15 13:10:36,172.17.131.81,carole.noble,1,0,0,0,0,0,1.0,7,13,0
2026-01-15 13:10:36,172.17.131.81,carole.noble,2,0,0,0,1111,611,2.0,7,13,0
2026-01-15 13:11:59,172.17.131.81,carole.noble,1,0,0,0,0,0,1.0,7,13,0
2026-01-15 13:11:59,172.17.131.81,carole.noble,2,0,0,0,928,611,2.0,7,13,0
2026-01-15 13:12:50,172.17.131.81,carole.noble,1,0,0,0,0,0,3.0,7,13,0
2026-01-15 13:12:50,172.17.131.81,carole.noble,2,0,0,0,803,611,4.0,7,13,0
2026-01-15 13:22:57,172.17.131.81,daniel.morgan,1,0,0,0,0,0,6.0,7,13,0
2026-01-15 13:22:57,172.17.131.81,daniel.morgan,1,0,0,0,0,0,5.0,7,13,0
2026-01-15 13:22:57,172.17.131.81,daniel.morgan,2,0,0,0,8,416,4.0,7,13,0
2026-01-15 13:22:57,172.17.131.81,daniel.morgan,2,0,0,0,124,725,3.0,7,13,0
2026-01-15 13:22:57,172.17.131.81,daniel.morgan,1,0,0,0,0,0,2.0,7,13,0
2026-01-15 13:22:57,172.17.131.81,daniel.morgan,2,0,0,0,70,599,1.0,7,13,0
2026-01-15 13:22:58,172.17.131.81,daniel.morgan,1,0,0,0,0,0,7.0,7,13,0
2026-01-15 13:22:58,172.17.131.81,daniel.morgan,2,0,0,0,221,28563,8.0,7,13,0
2026-01-15 13:23:45,172.17.131.81,daniel.morgan,1,0,0,0,0,0,9.0,7,13,0
2026-01-15 13:23:45,172.17.131.81,daniel.morgan,2,0,0,0,326,5707,10.0,7,13,0
2026-01-15 13:24:02,172.17.131.81,daniel.morgan,1,0,0,0,0,0,3.0,7,13,0
2026-01-15 13:24:02,172.17.131.81,daniel.morgan,2,0,0,0,198,3241,4.0,7,13,0
2026-01-15 13:24:38,172.17.131.81,daniel.morgan,1,0,0,0,0,0,5.0,7,13,0
2026-01-15 13:24:39,172.17.131.81,daniel.morgan,2,0,0,0,141,2723,6.0,7,13,0
2026-01-15 13:25:38,172.17.131.81,daniel.morgan,1,0,0,0,0,0,2.0,7,13,0
2026-01-15 13:25:38,172.17.131.81,daniel.morgan,2,0,0,0,1427,2261,3.0,7,13,0
2026-01-15 13:27:23,172.17.131.81,carole.noble,1,0,0,0,0,0,1.0,7,13,0
2026-01-15 13:27:23,172.17.131.81,carole.noble,2,0,0,0,184,36021,2.0,7,13,0
2026-01-15 13:27:31,172.17.131.81,carole.noble,1,0,0,0,0,0,3.0,7,13,0
2026-01-15 13:27:31,172.17.131.81,carole.noble,2,0,0,0,334,5612,4.0,7,13,0
2026-01-15 13:27:46,172.17.131.81,carole.noble,1,0,0,0,0,0,5.0,7,13,0
2026-01-15 13:27:46,172.17.131.81,carole.noble,2,0,0,0,202,3262,6.0,7,13,0
2026-01-15 13:28:05,172.17.131.81,daniel.morgan,1,0,0,0,0,0,10.0,7,13,0
2026-01-15 13:28:05,172.17.131.81,daniel.morgan,2,0,0,0,1095,611,9.0,7,13,0
2026-01-15 13:28:05,172.17.131.81,daniel.morgan,1,0,0,0,0,0,8.0,7,13,0
2026-01-15 13:28:05,172.17.131.81,daniel.morgan,2,0,0,0,520,6188,7.0,7,13,0
2026-01-15 13:28:09,172.17.131.81,carole.noble,1,0,0,0,0,0,11.0,7,13,0
2026-01-15 13:28:09,172.17.131.81,carole.noble,2,0,0,0,144,2669,12.0,7,13,0
2026-01-15 13:28:18,172.17.131.81,daniel.morgan,1,0,0,0,0,0,13.0,7,13,0
2026-01-15 13:28:18,172.17.131.81,daniel.morgan,2,0,0,0,137,1480,14.0,7,13,0
2026-01-15 13:30:10,172.17.131.81,carole.noble,1,0,0,0,0,0,1.0,7,13,0
2026-01-15 13:30:10,172.17.131.81,carole.noble,2,0,0,0,1759,2265,2.0,7,13,0
2026-01-15 13:30:10,172.17.131.81,carole.noble,1,0,0,0,0,0,3.0,7,13,0
2026-01-15 13:30:10,172.17.131.81,carole.noble,2,0,0,0,112,670,4.0,7,13,0
2026-01-15 13:30:20,172.17.131.81,daniel.morgan,1,0,0,0,0,0,6.0,7,13,0
2026-01-15 13:30:20,172.17.131.81,daniel.morgan,2,0,0,0,942,611,5.0,7,13,0
2026-01-15 13:30:54,172.17.131.81,brian.potter,1,0,0,0,0,0,7.0,7,13,0
2026-01-15 13:30:54,172.17.131.81,brian.potter,1,0,0,0,0,0,8.0,7,13,0
2026-01-15 13:30:54,172.17.131.81,brian.potter,2,0,0,0,8,416,9.0,7,13,0
2026-01-15 13:30:54,172.17.131.81,brian.potter,2,0,0,0,124,725,10.0,7,13,0
2026-01-15 13:30:54,172.17.131.81,brian.potter,1,0,0,0,0,0,11.0,7,13,0
2026-01-15 13:30:54,172.17.131.81,brian.potter,2,0,0,0,70,599,12.0,7,13,0
2026-01-15 13:30:54,172.17.131.81,brian.potter,1,0,0,0,0,0,13.0,7,13,0
2026-01-15 13:30:55,172.17.131.81,brian.potter,2,0,0,0,221,20422,14.0,7,13,0
2026-01-15 13:31:46,172.17.131.81,carole.noble,1,0,0,0,0,0,10.0,7,13,0
2026-01-15 13:31:46,172.17.131.81,carole.noble,2,0,0,0,918,611,9.0,7,13,0
2026-01-15 13:33:07,172.17.131.81,brian.potter,1,0,0,0,0,0,1.0,7,13,0
2026-01-15 13:33:07,172.17.131.81,brian.potter,2,0,0,0,1215,611,2.0,7,13,0
2026-01-15 13:33:08,172.17.131.81,brian.potter,1,0,0,0,0,0,3.0,7,13,0
2026-01-15 13:33:08,172.17.131.81,brian.potter,2,0,0,0,521,6404,4.0,7,13,0
2026-01-15 13:33:16,172.17.131.81,carole.noble,1,0,0,0,0,0,5.0,7,13,0
2026-01-15 13:33:16,172.17.131.81,carole.noble,2,0,0,0,984,611,6.0,7,13,0
2026-01-15 13:33:17,172.17.131.81,carole.noble,1,0,0,0,0,0,7.0,7,13,0
2026-01-15 13:33:17,172.17.131.81,carole.noble,2,0,0,0,330,5327,8.0,7,13,0
2026-01-15 13:33:23,172.17.131.81,brian.potter,1,0,0,0,0,0,10.0,7,13,0
2026-01-15 13:33:23,172.17.131.81,brian.potter,2,0,0,0,602,6152,9.0,7,13,0
2026-01-15 13:33:24,172.17.131.81,samantha.thornton,1,0,0,0,0,0,18.0,7,13,0
2026-01-15 13:33:24,172.17.131.81,samantha.thornton,2,0,0,0,221,28996,11.0,7,13,0
2026-01-15 13:33:24,172.17.131.81,samantha.thornton,1,0,0,0,0,0,12.0,7,13,0
2026-01-15 13:33:24,172.17.131.81,samantha.thornton,1,0,0,0,0,0,13.0,7,13,0
2026-01-15 13:33:24,172.17.131.81,samantha.thornton,2,0,0,0,8,416,14.0,7,13,0
2026-01-15 13:33:24,172.17.131.81,samantha.thornton,2,0,0,0,124,725,15.0,7,13,0
2026-01-15 13:33:24,172.17.131.81,samantha.thornton,1,0,0,0,0,0,16.0,7,13,0
2026-01-15 13:33:24,172.17.131.81,samantha.thornton,2,0,0,0,70,599,17.0,7,13,0
2026-01-15 13:34:34,172.17.131.81,carole.noble,1,0,0,0,0,0,2.0,7,13,0
2026-01-15 13:34:34,172.17.131.81,carole.noble,2,0,0,0,735,611,1.0,7,13,0
2026-01-15 13:34:35,172.17.131.81,carole.noble,1,0,0,0,0,0,3.0,7,13,0
2026-01-15 13:34:35,172.17.131.81,carole.noble,2,0,0,0,334,6089,4.0,7,13,0
2026-01-15 13:34:44,172.17.131.81,carole.noble,1,0,0,0,0,0,5.0,7,13,0
2026-01-15 13:34:44,172.17.131.81,carole.noble,2,0,0,0,334,5173,6.0,7,13,0
2026-01-15 13:35:02,172.17.131.81,carole.noble,1,0,0,0,0,0,7.0,7,13,0
2026-01-15 13:35:02,172.17.131.81,carole.noble,2,0,0,0,202,3189,8.0,7,13,0
2026-01-15 13:35:10,172.17.131.81,carole.noble,1,0,0,0,0,0,9.0,7,13,0
2026-01-15 13:35:10,172.17.131.81,carole.noble,2,0,0,0,144,2651,10.0,7,13,0
2026-01-15 13:35:38,172.17.131.81,brian.potter,1,0,0,0,0,0,8.0,7,13,0
2026-01-15 13:35:38,172.17.131.81,brian.potter,2,0,0,0,1027,611,7.0,7,13,0
2026-01-15 13:35:39,172.17.131.81,brian.potter,1,0,0,0,0,0,9.0,7,13,0
2026-01-15 13:35:39,172.17.131.81,brian.potter,2,0,0,0,330,5014,10.0,7,13,0
2026-01-15 13:36:00,172.17.131.81,brian.potter,1,0,0,0,0,0,9.0,7,13,0
2026-01-15 13:36:00,172.17.131.81,brian.potter,2,0,0,0,198,3027,10.0,7,13,0
2026-01-15 13:36:18,172.17.131.81,brian.potter,1,0,0,0,0,0,7.0,7,13,0
2026-01-15 13:36:18,172.17.131.81,brian.potter,2,0,0,0,141,2529,8.0,7,13,0
2026-01-15 13:37:05,172.17.131.81,carole.noble,1,0,0,0,0,0,4.0,7,13,0
2026-01-15 13:37:05,172.17.131.81,carole.noble,2,0,0,0,1601,2284,3.0,7,13,0
2026-01-15 13:38:03,172.17.131.81,brian.potter,1,0,0,0,0,0,4.0,7,13,0
2026-01-15 13:38:03,172.17.131.81,brian.potter,2,0,0,0,1739,2178,3.0,7,13,0
2026-01-15 13:38:06,172.17.131.81,carole.noble,1,0,0,0,0,0,3.0,7,13,0
2026-01-15 13:38:07,172.17.131.81,carole.noble,2,0,0,0,771,611,4.0,7,13,0
2026-01-15 13:39:41,172.17.131.81,brian.potter,1,0,0,0,0,0,1.0,7,13,0
2026-01-15 13:39:41,172.17.131.81,brian.potter,2,0,0,0,907,611,2.0,7,13,0
2026-01-15 13:39:42,172.17.131.81,brian.potter,1,0,0,0,0,0,3.0,7,13,0
2026-01-15 13:39:42,172.17.131.81,brian.potter,2,0,0,0,334,5296,4.0,7,13,0
2026-01-15 13:39:53,172.17.131.81,brian.potter,1,0,0,0,0,0,5.0,7,13,0
2026-01-15 13:39:53,172.17.131.81,brian.potter,2,0,0,0,202,3393,6.0,7,13,0
2026-01-15 13:40:11,172.17.131.81,brian.potter,1,0,0,0,0,0,8.0,7,13,0
2026-01-15 13:40:11,172.17.131.81,brian.potter,2,0,0,0,144,2821,7.0,7,13,0
2026-01-15 13:40:12,172.17.131.81,samantha.thornton,1,0,0,0,0,0,9.0,7,13,0
2026-01-15 13:40:12,172.17.131.81,samantha.thornton,2,0,0,0,184,28760,10.0,7,13,0
2026-01-15 13:40:29,172.17.131.81,samantha.thornton,1,0,0,0,0,0,11.0,7,13,0
2026-01-15 13:40:29,172.17.131.81,samantha.thornton,2,0,0,0,112,670,12.0,7,13,0
2026-01-15 13:40:30,172.17.131.81,samantha.thornton,1,0,0,0,0,0,13.0,7,13,0
2026-01-15 13:40:30,172.17.131.81,samantha.thornton,2,0,0,0,112,670,14.0,7,13,0
2026-01-15 13:42:05,172.17.131.81,brian.potter,1,0,0,0,0,0,1.0,7,13,0
2026-01-15 13:42:05,172.17.131.81,brian.potter,2,0,0,0,1842,2318,2.0,7,13,0
2026-01-15 13:43:11,172.17.131.81,daniel.morgan,1,0,0,0,0,0,2.0,7,13,0
2026-01-15 13:43:11,172.17.131.81,daniel.morgan,2,0,0,0,221,29438,1.0,7,13,0
2026-01-15 13:44:57,172.17.131.81,daniel.morgan,1,0,0,0,0,0,2.0,7,13,0
2026-01-15 13:44:57,172.17.131.81,daniel.morgan,2,0,0,0,778,611,1.0,7,13,0
2026-01-15 13:44:58,172.17.131.81,daniel.morgan,1,0,0,0,0,0,3.0,7,13,0
2026-01-15 13:44:58,172.17.131.81,daniel.morgan,2,0,0,0,334,5979,4.0,7,13,0
2026-01-15 13:45:11,172.17.131.81,daniel.morgan,1,0,0,0,0,0,5.0,7,13,0
2026-01-15 13:45:11,172.17.131.81,daniel.morgan,2,0,0,0,137,1467,6.0,7,13,0
2026-01-15 13:48:01,172.17.131.81,daniel.morgan,1,0,0,0,0,0,1.0,7,13,0
2026-01-15 13:48:01,172.17.131.81,daniel.morgan,2,0,0,0,1108,611,2.0,7,13,0
2026-01-15 13:49:50,172.17.131.81,daniel.morgan,1,0,0,0,0,0,1.0,7,13,0
2026-01-15 13:49:50,172.17.131.81,daniel.morgan,2,0,0,0,611,6178,2.0,7,13,0
2026-01-15 13:50:26,172.17.131.81,daniel.morgan,1,0,0,0,0,0,4.0,7,13,0
2026-01-15 13:50:26,172.17.131.81,daniel.morgan,2,0,0,0,202,3350,3.0,7,13,0
2026-01-15 13:50:47,172.17.131.81,daniel.morgan,1,0,0,0,0,0,5.0,7,13,0
2026-01-15 13:50:47,172.17.131.81,daniel.morgan,2,0,0,0,137,1541,6.0,7,13,0
2026-01-15 13:51:10,172.17.131.81,daniel.morgan,1,0,0,0,0,0,5.0,7,13,0
2026-01-15 13:51:10,172.17.131.81,daniel.morgan,2,0,0,0,521,6841,6.0,7,13,0
2026-01-15 13:51:42,172.17.131.81,daniel.morgan,1,0,0,0,0,0,5.0,7,13,0
2026-01-15 13:51:42,172.17.131.81,daniel.morgan,2,0,0,0,202,3158,6.0,7,13,0
2026-01-15 13:52:15,172.17.131.81,daniel.morgan,1,0,0,0,0,0,3.0,7,13,0
2026-01-15 13:52:15,172.17.131.81,daniel.morgan,2,0,0,0,144,2622,4.0,7,13,0
2026-01-15 13:53:55,172.17.131.81,daniel.morgan,1,0,0,0,0,0,2.0,7,13,0
2026-01-15 13:53:55,172.17.131.81,daniel.morgan,2,0,0,0,1455,2282,1.0,7,13,0
2026-01-15 13:53:57,172.17.131.81,daniel.morgan,1,0,0,0,0,0,3.0,7,13,0
2026-01-15 13:53:57,172.17.131.81,daniel.morgan,2,0,0,0,324,1752,4.0,7,13,0
2026-01-15 13:53:57,172.17.131.81,daniel.morgan,1,0,0,0,0,0,5.0,7,13,0
2026-01-15 13:53:57,172.17.131.81,daniel.morgan,2,0,0,0,237,3105,6.0,7,13,0
2026-01-15 13:54:10,172.17.131.81,daniel.morgan,1,0,0,0,0,0,7.0,7,13,0
2026-01-15 13:54:10,172.17.131.81,daniel.morgan,2,0,0,0,137,1424,8.0,7,13,0
2026-01-15 13:56:29,172.17.131.81,daniel.morgan,1,0,0,0,0,0,2.0,7,13,0
2026-01-15 13:56:29,172.17.131.81,daniel.morgan,2,0,0,0,1025,611,1.0,7,13,0
2026-01-15 13:58:13,172.17.131.81,daniel.morgan,1,0,0,0,0,0,2.0,7,13,0
2026-01-15 13:58:13,172.17.131.81,daniel.morgan,2,0,0,0,924,611,1.0,7,13,0
2026-01-15 13:58:14,172.17.131.81,daniel.morgan,1,0,0,0,0,0,3.0,7,13,0
2026-01-15 13:58:14,172.17.131.81,daniel.morgan,2,0,0,0,611,6280,4.0,7,13,0
2026-01-15 13:58:51,172.17.131.81,daniel.morgan,1,0,0,0,0,0,5.0,7,13,0
2026-01-15 13:58:51,172.17.131.81,daniel.morgan,2,0,0,0,202,3154,6.0,7,13,0
2026-01-15 13:59:09,172.17.131.81,daniel.morgan,1,0,0,0,0,0,8.0,7,13,0
2026-01-15 13:59:09,172.17.131.81,daniel.morgan,2,0,0,0,137,1416,7.0,7,13,0
2026-01-15 14:07:59,172.17.131.81,michael.davis,2,0,0,0,8,416,2.0,7,14,0
2026-01-15 14:07:59,172.17.131.81,michael.davis,1,0,0,0,0,0,3.0,7,14,0
2026-01-15 14:07:59,172.17.131.81,michael.davis,1,0,0,0,0,0,1.0,7,14,0
2026-01-15 14:07:59,172.17.131.81,michael.davis,2,0,0,0,124,725,4.0,7,14,0
2026-01-15 14:08:25,172.17.131.81,michael.davis,3,0,5,26,0,0,5.0,7,14,0
2026-01-15 14:08:37,172.17.131.81,michael.davis,3,0,3,12,0,0,6.0,7,14,0
2026-01-15 14:12:17,172.17.131.81,brian.potter,1,0,0,0,0,0,1.0,7,14,0
2026-01-15 14:12:17,172.17.131.81,brian.potter,2,0,0,0,221,22337,2.0,7,14,0
2026-01-15 14:12:45,172.17.131.81,brian.potter,1,0,0,0,0,0,3.0,7,14,0
2026-01-15 14:12:45,172.17.131.81,brian.potter,2,0,0,0,334,5871,4.0,7,14,0
2026-01-15 14:12:52,172.17.131.81,michael.davis,3,0,4,24,0,0,5.0,7,14,0
2026-01-15 14:13:00,172.17.131.81,brian.potter,1,0,0,0,0,0,6.0,7,14,0
2026-01-15 14:13:00,172.17.131.81,brian.potter,2,0,0,0,202,3026,7.0,7,14,0
2026-01-15 14:13:07,172.17.131.81,michael.davis,3,0,3,11,0,0,8.0,7,14,0
2026-01-15 14:13:24,172.17.131.81,brian.potter,1,0,0,0,0,0,8.0,7,14,0
2026-01-15 14:13:24,172.17.131.81,brian.potter,2,0,0,0,137,1398,7.0,7,14,0
2026-01-15 14:14:50,172.17.131.81,michael.davis,3,0,4,22,0,0,1.0,7,14,0
2026-01-15 14:15:46,172.17.131.81,brian.potter,1,0,0,0,0,0,2.0,7,14,0
2026-01-15 14:15:46,172.17.131.81,brian.potter,2,0,0,0,998,611,3.0,7,14,0
2026-01-15 14:15:47,172.17.131.81,brian.potter,1,0,0,0,0,0,4.0,7,14,0
2026-01-15 14:15:47,172.17.131.81,brian.potter,2,0,0,0,611,6026,5.0,7,14,0
2026-01-15 14:16:16,172.17.131.81,brian.potter,1,0,0,0,0,0,5.0,7,14,0
2026-01-15 14:16:16,172.17.131.81,brian.potter,2,0,0,0,202,3063,6.0,7,14,0
2026-01-15 14:16:35,172.17.131.81,michael.davis,3,0,4,28,0,0,7.0,7,14,0
2026-01-15 14:16:44,172.17.131.81,brian.potter,1,0,0,0,0,0,9.0,7,14,0
2026-01-15 14:16:44,172.17.131.81,brian.potter,2,0,0,0,144,2472,8.0,7,14,0
2026-01-15 14:17:21,172.17.131.81,brian.potter,1,0,0,0,0,0,4.0,7,14,0
2026-01-15 14:17:21,172.17.131.81,brian.potter,2,0,0,0,1465,2328,5.0,7,14,0
2026-01-15 14:17:22,172.17.131.81,brian.potter,1,0,0,0,0,0,6.0,7,14,0
2026-01-15 14:17:22,172.17.131.81,brian.potter,2,0,0,0,517,6365,7.0,7,14,0
2026-01-15 14:17:27,172.17.131.81,daniel.morgan,1,0,0,0,0,0,8.0,7,14,0
2026-01-15 14:17:27,172.17.131.81,daniel.morgan,2,0,0,0,221,29490,9.0,7,14,0
2026-01-15 14:17:45,172.17.131.81,brian.potter,1,0,0,0,0,0,7.0,7,14,0
2026-01-15 14:17:45,172.17.131.81,brian.potter,2,0,0,0,137,1410,8.0,7,14,0
2026-01-15 14:17:47,172.17.131.81,daniel.morgan,1,0,0,0,0,0,10.0,7,14,0
2026-01-15 14:17:47,172.17.131.81,daniel.morgan,2,0,0,0,334,5932,9.0,7,14,0
2026-01-15 14:17:56,172.17.131.81,brian.potter,1,0,0,0,0,0,11.0,7,14,0
2026-01-15 14:17:56,172.17.131.81,brian.potter,2,0,0,0,334,5523,12.0,7,14,0
2026-01-15 14:17:59,172.17.131.81,daniel.morgan,1,0,0,0,0,0,13.0,7,14,0
2026-01-15 14:17:59,172.17.131.81,daniel.morgan,2,0,0,0,202,3142,14.0,7,14,0
2026-01-15 14:18:17,172.17.131.81,brian.potter,1,0,0,0,0,0,15.0,7,14,0
2026-01-15 14:18:17,172.17.131.81,brian.potter,2,0,0,0,202,3026,16.0,7,14,0
2026-01-15 14:18:30,172.17.131.81,daniel.morgan,1,0,0,0,0,0,12.0,7,14,0
2026-01-15 14:18:30,172.17.131.81,daniel.morgan,2,0,0,0,144,2577,11.0,7,14,0
2026-01-15 14:18:46,172.17.131.81,brian.potter,1,0,0,0,0,0,12.0,7,14,0
2026-01-15 14:18:46,172.17.131.81,brian.potter,2,0,0,0,144,2488,11.0,7,14,0
2026-01-15 14:19:54,172.17.131.81,brian.potter,1,0,0,0,0,0,1.0,7,14,0
2026-01-15 14:19:54,172.17.131.81,brian.potter,2,0,0,0,1547,2284,2.0,7,14,0
2026-01-15 14:19:58,172.17.131.81,daniel.morgan,1,0,0,0,0,0,3.0,7,14,0
2026-01-15 14:19:58,172.17.131.81,daniel.morgan,2,0,0,0,1430,2319,4.0,7,14,0
2026-01-15 14:19:59,172.17.131.81,daniel.morgan,1,0,0,0,0,0,5.0,7,14,0
2026-01-15 14:19:59,172.17.131.81,daniel.morgan,2,0,0,0,602,7334,6.0,7,14,0
2026-01-15 14:20:29,172.17.131.81,daniel.morgan,1,0,0,0,0,0,7.0,7,14,0
2026-01-15 14:20:29,172.17.131.81,daniel.morgan,2,0,0,0,198,3334,8.0,7,14,0
2026-01-15 14:20:44,172.17.131.81,daniel.morgan,1,0,0,0,0,0,10.0,7,14,0
2026-01-15 14:20:44,172.17.131.81,daniel.morgan,2,0,0,0,141,2675,9.0,7,14,0
2026-01-15 14:21:02,172.17.131.81,brian.potter,1,0,0,0,0,0,5.0,7,14,0
2026-01-15 14:21:02,172.17.131.81,brian.potter,2,0,0,0,787,611,6.0,7,14,0
2026-01-15 14:21:50,172.17.131.81,michael.davis,3,0,4,22,0,0,3.0,7,14,0
2026-01-15 14:22:05,172.17.131.81,michael.davis,3,0,3,12,0,0,2.0,7,14,0
2026-01-15 14:22:44,172.17.131.81,daniel.morgan,1,0,0,0,0,0,3.0,7,14,0
2026-01-15 14:22:44,172.17.131.81,daniel.morgan,2,0,0,0,2053,2394,4.0,7,14,0
2026-01-15 14:22:45,172.17.131.81,daniel.morgan,2,0,0,0,323,1865,8.0,7,14,0
2026-01-15 14:22:45,172.17.131.81,daniel.morgan,1,0,0,0,0,0,7.0,7,14,0
2026-01-15 14:22:45,172.17.131.81,daniel.morgan,2,0,0,0,237,3669,5.0,7,14,0
2026-01-15 14:22:45,172.17.131.81,daniel.morgan,1,0,0,0,0,0,6.0,7,14,0
2026-01-15 14:23:16,172.17.131.81,daniel.morgan,1,0,0,0,0,0,7.0,7,14,0
2026-01-15 14:23:16,172.17.131.81,daniel.morgan,2,0,0,0,326,5874,8.0,7,14,0
2026-01-15 14:23:38,172.17.131.81,daniel.morgan,1,0,0,0,0,0,9.0,7,14,0
2026-01-15 14:23:38,172.17.131.81,daniel.morgan,2,0,0,0,198,3285,10.0,7,14,0
2026-01-15 14:23:58,172.17.131.81,daniel.morgan,1,0,0,0,0,0,5.0,7,14,0
2026-01-15 14:23:58,172.17.131.81,daniel.morgan,2,0,0,0,141,2765,6.0,7,14,0
2026-01-15 14:25:24,172.17.131.81,daniel.morgan,1,0,0,0,0,0,1.0,7,14,0
2026-01-15 14:25:25,172.17.131.81,daniel.morgan,2,0,0,0,1529,2255,2.0,7,14,0
2026-01-15 14:25:26,172.17.131.81,daniel.morgan,1,0,0,0,0,0,3.0,7,14,0
2026-01-15 14:25:26,172.17.131.81,daniel.morgan,2,0,0,0,520,5584,4.0,7,14,0
2026-01-15 14:25:45,172.17.131.81,daniel.morgan,1,0,0,0,0,0,5.0,7,14,0
2026-01-15 14:25:45,172.17.131.81,daniel.morgan,2,0,0,0,202,2798,6.0,7,14,0
2026-01-15 14:26:14,172.17.131.81,daniel.morgan,1,0,0,0,0,0,7.0,7,14,0
2026-01-15 14:26:14,172.17.131.81,daniel.morgan,2,0,0,0,137,1368,8.0,7,14,0
2026-01-15 14:27:56,172.17.131.81,brian.potter,1,0,0,0,0,0,1.0,7,14,0
2026-01-15 14:27:56,172.17.131.81,brian.potter,2,0,0,0,221,22962,2.0,7,14,0
2026-01-15 14:28:19,172.17.131.81,brian.potter,1,0,0,0,0,0,3.0,7,14,0
2026-01-15 14:28:19,172.17.131.81,brian.potter,2,0,0,0,334,5160,4.0,7,14,0
2026-01-15 14:28:33,172.17.131.81,brian.potter,1,0,0,0,0,0,6.0,7,14,0
2026-01-15 14:28:33,172.17.131.81,brian.potter,2,0,0,0,202,3063,5.0,7,14,0
2026-01-15 14:28:49,172.17.131.81,brian.potter,1,0,0,0,0,0,7.0,7,14,0
2026-01-15 14:28:49,172.17.131.81,brian.potter,2,0,0,0,137,1495,8.0,7,14,0
2026-01-15 14:29:12,172.17.131.81,brian.potter,1,0,0,0,0,0,7.0,7,14,0
2026-01-15 14:29:12,172.17.131.81,brian.potter,2,0,0,0,513,6008,8.0,7,14,0
2026-01-15 14:29:23,172.17.131.81,brian.potter,1,0,0,0,0,0,7.0,7,14,0
2026-01-15 14:29:23,172.17.131.81,brian.potter,2,0,0,0,198,3027,8.0,7,14,0
2026-01-15 14:29:38,172.17.131.81,brian.potter,1,0,0,0,0,0,7.0,7,14,0
2026-01-15 14:29:38,172.17.131.81,brian.potter,2,0,0,0,141,2529,8.0,7,14,0
2026-01-15 14:30:27,172.17.131.81,brian.potter,2,0,0,0,1521,2178,6.0,7,14,0
2026-01-15 14:30:27,172.17.131.81,brian.potter,1,0,0,0,0,0,5.0,7,14,0
2026-01-15 14:30:27,172.17.131.81,brian.potter,2,0,0,0,334,5871,3.0,7,14,0
2026-01-15 14:30:27,172.17.131.81,brian.potter,1,0,0,0,0,0,4.0,7,14,0
2026-01-15 14:30:40,172.17.131.81,brian.potter,1,0,0,0,0,0,5.0,7,14,0
2026-01-15 14:30:41,172.17.131.81,brian.potter,2,0,0,0,202,3026,6.0,7,14,0
2026-01-15 14:31:03,172.17.131.81,brian.potter,1,0,0,0,0,0,7.0,7,14,0
2026-01-15 14:31:03,172.17.131.81,brian.potter,2,0,0,0,144,2522,8.0,7,14,0
2026-01-15 14:31:57,172.17.131.81,brian.potter,1,0,0,0,0,0,4.0,7,14,0
2026-01-15 14:31:57,172.17.131.81,brian.potter,2,0,0,0,1989,2250,3.0,7,14,0
2026-01-15 14:32:54,172.17.131.81,brian.potter,1,0,0,0,0,0,4.0,7,14,0
2026-01-15 14:32:54,172.17.131.81,brian.potter,2,0,0,0,731,611,3.0,7,14,0
2026-01-15 14:39:25,172.17.131.81,brian.potter,1,0,0,0,0,0,1.0,7,14,0
2026-01-15 14:39:25,172.17.131.81,brian.potter,2,0,0,0,1211,611,2.0,7,14,0
2026-01-15 14:41:19,172.17.131.81,brian.potter,1,0,0,0,0,0,1.0,7,14,0
2026-01-15 14:41:19,172.17.131.81,brian.potter,2,0,0,0,1010,611,2.0,7,14,0
2026-01-15 14:41:20,172.17.131.81,brian.potter,1,0,0,0,0,0,3.0,7,14,0
2026-01-15 14:41:20,172.17.131.81,brian.potter,2,0,0,0,324,1720,4.0,7,14,0
2026-01-15 14:44:40,172.17.131.81,jessica.wright,2,0,0,0,124,725,8.0,7,14,0
2026-01-15 14:44:40,172.17.131.81,jessica.wright,1,0,0,0,0,0,7.0,7,14,0
2026-01-15 14:44:40,172.17.131.81,jessica.wright,1,0,0,0,0,0,6.0,7,14,0
2026-01-15 14:44:40,172.17.131.81,jessica.wright,2,0,0,0,8,416,5.0,7,14,0
2026-01-15 14:44:40,172.17.131.81,jessica.wright,2,0,0,0,70,599,3.0,7,14,0
2026-01-15 14:44:40,172.17.131.81,jessica.wright,1,0,0,0,0,0,2.0,7,14,0
2026-01-15 14:44:40,172.17.131.81,jessica.wright,2,0,0,0,221,13692,1.0,7,14,0
2026-01-15 14:44:40,172.17.131.81,jessica.wright,1,0,0,0,0,0,4.0,7,14,0
2026-01-15 14:47:10,172.17.131.81,daniel.morgan,1,0,0,0,0,0,1.0,7,14,0
2026-01-15 14:47:10,172.17.131.81,daniel.morgan,2,0,0,0,221,30071,2.0,7,14,0
2026-01-15 14:48:52,172.17.131.81,jessica.wright,1,0,0,0,0,0,1.0,7,14,0
2026-01-15 14:48:52,172.17.131.81,jessica.wright,2,0,0,0,184,13533,2.0,7,14,0
2026-01-15 14:49:46,172.17.131.81,carole.noble,1,0,0,0,0,0,8.0,7,14,0
2026-01-15 14:49:46,172.17.131.81,carole.noble,1,0,0,0,0,0,7.0,7,14,0
2026-01-15 14:49:46,172.17.131.81,carole.noble,2,0,0,0,8,416,6.0,7,14,0
2026-01-15 14:49:46,172.17.131.81,carole.noble,2,0,0,0,124,725,5.0,7,14,0
2026-01-15 14:49:46,172.17.131.81,carole.noble,1,0,0,0,0,0,4.0,7,14,0
2026-01-15 14:49:46,172.17.131.81,carole.noble,2,0,0,0,70,599,3.0,7,14,0
2026-01-15 14:49:47,172.17.131.81,carole.noble,1,0,0,0,0,0,9.0,7,14,0
2026-01-15 14:49:47,172.17.131.81,carole.noble,2,0,0,0,221,39205,10.0,7,14,0
2026-01-15 14:50:22,172.17.131.81,daniel.morgan,1,0,0,0,0,0,9.0,7,14,0
2026-01-15 14:50:22,172.17.131.81,daniel.morgan,2,0,0,0,1141,611,10.0,7,14,0
2026-01-15 14:50:33,172.17.131.81,jessica.wright,1,0,0,0,0,0,12.0,7,14,0
2026-01-15 14:50:33,172.17.131.81,jessica.wright,2,0,0,0,877,611,11.0,7,14,0
2026-01-15 14:52:24,172.17.131.81,jessica.wright,1,0,0,0,0,0,1.0,7,14,0
2026-01-15 14:52:24,172.17.131.81,jessica.wright,2,0,0,0,969,611,2.0,7,14,0
2026-01-15 14:52:25,172.17.131.81,jessica.wright,1,0,0,0,0,0,3.0,7,14,0
2026-01-15 14:52:25,172.17.131.81,jessica.wright,2,0,0,0,402,104973,4.0,7,14,0
2026-01-15 14:52:25,172.17.131.81,jessica.wright,1,0,0,0,0,0,5.0,7,14,0
2026-01-15 14:52:25,172.17.131.81,jessica.wright,2,0,0,0,108,1949,6.0,7,14,0
2026-01-15 14:52:45,172.17.131.81,jessica.wright,1,0,0,0,0,0,8.0,7,14,0
2026-01-15 14:52:45,172.17.131.81,jessica.wright,2,0,0,0,326,5087,7.0,7,14,0
2026-01-15 14:53:56,172.17.131.81,jessica.wright,2,0,0,0,682,611,4.0,7,14,0
2026-01-15 14:53:56,172.17.131.81,jessica.wright,1,0,0,0,0,0,3.0,7,14,0
2026-01-15 14:53:56,172.17.131.81,jessica.wright,2,0,0,0,521,4441,1.0,7,14,0
2026-01-15 14:53:56,172.17.131.81,jessica.wright,1,0,0,0,0,0,2.0,7,14,0
2026-01-15 14:54:21,172.17.131.81,jessica.wright,1,0,0,0,0,0,5.0,7,14,0
2026-01-15 14:54:21,172.17.131.81,jessica.wright,2,0,0,0,135,1412,6.0,7,14,0
2026-01-15 14:54:52,172.17.131.81,carole.noble,1,0,0,0,0,0,7.0,7,14,0
2026-01-15 14:54:52,172.17.131.81,carole.noble,2,0,0,0,221,39634,8.0,7,14,0
2026-01-15 14:55:38,172.17.131.81,jessica.wright,1,0,0,0,0,0,3.0,7,14,0
2026-01-15 14:55:38,172.17.131.81,jessica.wright,2,0,0,0,746,611,4.0,7,14,0
2026-01-15 14:56:25,172.17.131.81,carole.noble,1,0,0,0,0,0,3.0,7,14,0
2026-01-15 14:56:25,172.17.131.81,carole.noble,2,0,0,0,869,611,4.0,7,14,0
2026-01-15 14:56:26,172.17.131.81,carole.noble,1,0,0,0,0,0,6.0,7,14,0
2026-01-15 14:56:26,172.17.131.81,carole.noble,2,0,0,0,112,670,5.0,7,14,0
2026-01-15 14:57:02,172.17.131.81,jessica.wright,1,0,0,0,0,0,5.0,7,14,0
2026-01-15 14:57:02,172.17.131.81,jessica.wright,2,0,0,0,841,611,6.0,7,14,0
2026-01-15 14:58:04,172.17.131.81,carole.noble,1,0,0,0,0,0,1.0,7,14,0
2026-01-15 14:58:04,172.17.131.81,carole.noble,2,0,0,0,972,611,2.0,7,14,0
2026-01-15 14:58:05,172.17.131.81,carole.noble,1,0,0,0,0,0,3.0,7,14,0
2026-01-15 14:58:05,172.17.131.81,carole.noble,2,0,0,0,521,6969,4.0,7,14,0
2026-01-15 14:58:22,172.17.131.81,carole.noble,1,0,0,0,0,0,6.0,7,14,0
2026-01-15 14:58:22,172.17.131.81,carole.noble,2,0,0,0,202,3377,5.0,7,14,0
2026-01-15 14:58:31,172.17.131.81,carole.noble,1,0,0,0,0,0,8.0,7,14,0
2026-01-15 14:58:31,172.17.131.81,carole.noble,2,0,0,0,144,2834,7.0,7,14,0
2026-01-15 14:59:17,172.17.131.81,carole.noble,1,0,0,0,0,0,5.0,7,14,0
2026-01-15 14:59:17,172.17.131.81,carole.noble,2,0,0,0,1491,2289,6.0,7,14,0
2026-01-15 14:59:17,172.17.131.81,carole.noble,1,0,0,0,0,0,7.0,7,14,0
2026-01-15 14:59:17,172.17.131.81,carole.noble,2,0,0,0,517,7077,8.0,7,14,0
2026-01-15 14:59:41,172.17.131.81,carole.noble,1,0,0,0,0,0,5.0,7,14,0
2026-01-15 14:59:41,172.17.131.81,carole.noble,2,0,0,0,202,3938,6.0,7,14,0
2026-01-15 14:59:45,172.17.131.81,jessica.wright,1,0,0,0,0,0,7.0,7,14,0
2026-01-15 14:59:45,172.17.131.81,jessica.wright,2,0,0,0,1174,611,8.0,7,14,0
2026-01-15 14:59:49,172.17.131.81,carole.noble,1,0,0,0,0,0,10.0,7,14,0
2026-01-15 14:59:49,172.17.131.81,carole.noble,2,0,0,0,137,1504,9.0,7,14,0
2026-01-15 15:06:27,172.17.131.81,carole.noble,1,0,0,0,0,0,1.0,7,15,0
2026-01-15 15:06:27,172.17.131.81,carole.noble,2,0,0,0,184,40057,2.0,7,15,0
2026-01-15 15:07:41,172.17.131.81,carole.noble,1,0,0,0,0,0,1.0,7,15,0
2026-01-15 15:07:41,172.17.131.81,carole.noble,2,0,0,0,795,611,2.0,7,15,0
2026-01-15 15:09:56,172.17.131.81,carole.noble,1,0,0,0,0,0,1.0,7,15,0
2026-01-15 15:09:56,172.17.131.81,carole.noble,2,0,0,0,1162,611,2.0,7,15,0
2026-01-15 15:09:57,172.17.131.81,carole.noble,1,0,0,0,0,0,4.0,7,15,0
2026-01-15 15:09:57,172.17.131.81,carole.noble,2,0,0,0,334,5509,3.0,7,15,0
2026-01-15 15:10:17,172.17.131.81,carole.noble,1,0,0,0,0,0,6.0,7,15,0
2026-01-15 15:10:17,172.17.131.81,carole.noble,2,0,0,0,137,1435,5.0,7,15,0
2026-01-15 15:12:42,172.17.131.81,carole.noble,1,0,0,0,0,0,1.0,7,15,0
2026-01-15 15:12:42,172.17.131.81,carole.noble,2,0,0,0,1093,611,2.0,7,15,0
2026-01-15 15:14:13,172.17.131.81,brian.potter,2,0,0,0,124,725,8.0,7,15,0
2026-01-15 15:14:13,172.17.131.81,brian.potter,1,0,0,0,0,0,6.0,7,15,0
2026-01-15 15:14:13,172.17.131.81,brian.potter,2,0,0,0,8,416,5.0,7,15,0
2026-01-15 15:14:13,172.17.131.81,brian.potter,1,0,0,0,0,0,7.0,7,15,0
2026-01-15 15:14:13,172.17.131.81,brian.potter,1,0,0,0,0,0,3.0,7,15,0
2026-01-15 15:14:13,172.17.131.81,brian.potter,2,0,0,0,70,599,2.0,7,15,0
2026-01-15 15:14:13,172.17.131.81,brian.potter,2,0,0,0,221,26375,1.0,7,15,0
2026-01-15 15:14:13,172.17.131.81,brian.potter,1,0,0,0,0,0,4.0,7,15,0
2026-01-15 15:27:39,172.17.131.81,carole.noble,1,0,0,0,0,0,1.0,7,15,0
2026-01-15 15:27:39,172.17.131.81,carole.noble,2,0,0,0,221,40159,2.0,7,15,0
2026-01-15 15:28:54,172.17.131.81,carole.noble,1,0,0,0,0,0,1.0,7,15,0
2026-01-15 15:28:54,172.17.131.81,carole.noble,2,0,0,0,833,611,2.0,7,15,0
2026-01-15 15:30:07,172.17.131.81,carole.noble,1,0,0,0,0,0,1.0,7,15,0
2026-01-15 15:30:07,172.17.131.81,carole.noble,2,0,0,0,883,611,2.0,7,15,0
2026-01-15 15:30:40,172.17.131.81,meghan.morris,1,0,0,0,0,0,8.0,7,15,0
2026-01-15 15:30:40,172.17.131.81,meghan.morris,1,0,0,0,0,0,7.0,7,15,0
2026-01-15 15:30:40,172.17.131.81,meghan.morris,2,0,0,0,8,416,6.0,7,15,0
2026-01-15 15:30:40,172.17.131.81,meghan.morris,2,0,0,0,124,725,5.0,7,15,0
2026-01-15 15:30:40,172.17.131.81,meghan.morris,1,0,0,0,0,0,4.0,7,15,0
2026-01-15 15:30:40,172.17.131.81,meghan.morris,2,0,0,0,70,599,3.0,7,15,0
2026-01-15 15:30:41,172.17.131.81,meghan.morris,1,0,0,0,0,0,9.0,7,15,0
2026-01-15 15:30:41,172.17.131.81,meghan.morris,2,0,0,0,221,15362,10.0,7,15,0
2026-01-15 15:31:44,172.17.131.81,daniel.morgan,2,0,0,0,8,416,6.0,7,15,0
2026-01-15 15:31:44,172.17.131.81,daniel.morgan,1,0,0,0,0,0,4.0,7,15,0
2026-01-15 15:31:44,172.17.131.81,daniel.morgan,1,0,0,0,0,0,5.0,7,15,0
2026-01-15 15:31:44,172.17.131.81,daniel.morgan,2,0,0,0,124,725,2.0,7,15,0
2026-01-15 15:31:44,172.17.131.81,daniel.morgan,2,0,0,0,70,599,1.0,7,15,0
2026-01-15 15:31:44,172.17.131.81,daniel.morgan,1,0,0,0,0,0,3.0,7,15,0
2026-01-15 15:31:45,172.17.131.81,daniel.morgan,1,0,0,0,0,0,7.0,7,15,0
2026-01-15 15:31:45,172.17.131.81,daniel.morgan,2,0,0,0,221,31983,8.0,7,15,0
2026-01-15 15:32:24,172.17.131.81,carole.noble,1,0,0,0,0,0,9.0,7,15,0
2026-01-15 15:32:24,172.17.131.81,carole.noble,2,0,0,0,334,6565,10.0,7,15,0
2026-01-15 15:32:32,172.17.131.81,carole.noble,1,0,0,0,0,0,11.0,7,15,0
2026-01-15 15:32:32,172.17.131.81,carole.noble,2,0,0,0,334,6296,12.0,7,15,0
2026-01-15 15:32:48,172.17.131.81,carole.noble,1,0,0,0,0,0,6.0,7,15,0
2026-01-15 15:32:48,172.17.131.81,carole.noble,2,0,0,0,202,3938,5.0,7,15,0
2026-01-15 15:32:56,172.17.131.81,carole.noble,1,0,0,0,0,0,8.0,7,15,0
2026-01-15 15:32:56,172.17.131.81,carole.noble,2,0,0,0,137,1504,7.0,7,15,0
2026-01-15 15:33:00,172.17.131.81,carole.noble,1,0,0,0,0,0,9.0,7,15,0
2026-01-15 15:33:00,172.17.131.81,carole.noble,2,0,0,0,330,5768,10.0,7,15,0
2026-01-15 15:33:09,172.17.131.81,carole.noble,1,0,0,0,0,0,11.0,7,15,0
2026-01-15 15:33:09,172.17.131.81,carole.noble,2,0,0,0,202,3349,12.0,7,15,0
2026-01-15 15:33:33,172.17.131.81,carole.noble,1,0,0,0,0,0,9.0,7,15,0
2026-01-15 15:33:33,172.17.131.81,carole.noble,2,0,0,0,144,2688,10.0,7,15,0
2026-01-15 15:34:38,172.17.131.81,carole.noble,1,0,0,0,0,0,1.0,7,15,0
2026-01-15 15:34:38,172.17.131.81,carole.noble,2,0,0,0,1963,2341,2.0,7,15,0
2026-01-15 15:34:39,172.17.131.81,carole.noble,1,0,0,0,0,0,6.0,7,15,0
2026-01-15 15:34:39,172.17.131.81,carole.noble,2,0,0,0,368,6945,5.0,7,15,0
2026-01-15 15:34:39,172.17.131.81,carole.noble,1,0,0,0,0,0,4.0,7,15,0
2026-01-15 15:34:39,172.17.131.81,carole.noble,2,0,0,0,108,1994,3.0,7,15,0
2026-01-15 15:34:51,172.17.131.81,carole.noble,1,0,0,0,0,0,7.0,7,15,0
2026-01-15 15:34:51,172.17.131.81,carole.noble,2,0,0,0,236,4389,8.0,7,15,0
2026-01-15 15:34:51,172.17.131.81,carole.noble,1,0,0,0,0,0,9.0,7,15,0
2026-01-15 15:34:51,172.17.131.81,carole.noble,2,0,0,0,108,1994,10.0,7,15,0
2026-01-15 15:35:18,172.17.131.81,carole.noble,1,0,0,0,0,0,11.0,7,15,0
2026-01-15 15:35:18,172.17.131.81,carole.noble,2,0,0,0,144,3000,12.0,7,15,0
2026-01-15 15:36:12,172.17.131.81,daniel.morgan,1,0,0,0,0,0,3.0,7,15,0
2026-01-15 15:36:13,172.17.131.81,daniel.morgan,2,0,0,0,221,32544,4.0,7,15,0
2026-01-15 15:36:40,172.17.131.81,carole.noble,1,0,0,0,0,0,3.0,7,15,0
2026-01-15 15:36:40,172.17.131.81,carole.noble,2,0,0,0,1700,2318,4.0,7,15,0
2026-01-15 15:36:40,172.17.131.81,carole.noble,1,0,0,0,0,0,5.0,7,15,0
2026-01-15 15:36:41,172.17.131.81,carole.noble,2,0,0,0,517,6381,6.0,7,15,0
2026-01-15 15:36:44,172.17.131.81,daniel.morgan,1,0,0,0,0,0,7.0,7,15,0
2026-01-15 15:36:44,172.17.131.81,daniel.morgan,2,0,0,0,334,6366,8.0,7,15,0
2026-01-15 15:36:57,172.17.131.81,daniel.morgan,1,0,0,0,0,0,9.0,7,15,0
2026-01-15 15:36:57,172.17.131.81,daniel.morgan,2,0,0,0,137,1532,10.0,7,15,0
2026-01-15 15:37:01,172.17.131.81,carole.noble,1,0,0,0,0,0,12.0,7,15,0
2026-01-15 15:37:01,172.17.131.81,carole.noble,2,0,0,0,198,3206,11.0,7,15,0
2026-01-15 15:37:16,172.17.131.81,carole.noble,1,0,0,0,0,0,11.0,7,15,0
2026-01-15 15:37:16,172.17.131.81,carole.noble,2,0,0,0,141,2664,12.0,7,15,0
2026-01-15 15:38:08,172.17.131.81,daniel.morgan,1,0,0,0,0,0,3.0,7,15,0
2026-01-15 15:38:08,172.17.131.81,daniel.morgan,2,0,0,0,782,611,4.0,7,15,0
2026-01-15 15:38:31,172.17.131.81,carole.noble,1,0,0,0,0,0,3.0,7,15,0
2026-01-15 15:38:31,172.17.131.81,carole.noble,2,0,0,0,1476,2230,4.0,7,15,0
2026-01-15 15:39:53,172.17.131.81,daniel.morgan,1,0,0,0,0,0,2.0,7,15,0
2026-01-15 15:39:53,172.17.131.81,daniel.morgan,2,0,0,0,1334,611,1.0,7,15,0
2026-01-15 15:41:41,172.17.131.81,carole.noble,1,0,0,0,0,0,2.0,7,15,0
2026-01-15 15:41:41,172.17.131.81,carole.noble,2,0,0,0,112,670,1.0,7,15,0
2026-01-15 15:41:42,172.17.131.81,carole.noble,1,0,0,0,0,0,3.0,7,15,0
2026-01-15 15:41:42,172.17.131.81,carole.noble,2,0,0,0,112,670,4.0,7,15,0
2026-01-15 15:43:11,172.17.131.81,carole.noble,1,0,0,0,0,0,1.0,7,15,0
2026-01-15 15:43:11,172.17.131.81,carole.noble,2,0,0,0,972,611,2.0,7,15,0
2026-01-15 15:43:17,172.17.131.81,brian.potter,1,0,0,0,0,0,3.0,7,15,0
2026-01-15 15:43:17,172.17.131.81,brian.potter,2,0,0,0,221,27937,4.0,7,15,0
2026-01-15 15:44:37,172.17.131.81,brian.potter,1,0,0,0,0,0,1.0,7,15,0
2026-01-15 15:44:37,172.17.131.81,brian.potter,2,0,0,0,727,611,2.0,7,15,0
2026-01-15 15:45:51,172.17.131.81,brian.potter,1,0,0,0,0,0,1.0,7,15,0
2026-01-15 15:45:52,172.17.131.81,brian.potter,2,0,0,0,826,611,2.0,7,15,0
2026-01-15 15:45:52,172.17.131.81,brian.potter,1,0,0,0,0,0,3.0,7,15,0
2026-01-15 15:45:53,172.17.131.81,brian.potter,2,0,0,0,334,5071,4.0,7,15,0
2026-01-15 15:46:11,172.17.131.81,brian.potter,1,0,0,0,0,0,5.0,7,15,0
2026-01-15 15:46:11,172.17.131.81,brian.potter,2,0,0,0,137,1462,6.0,7,15,0
2026-01-15 15:46:49,172.17.131.81,carole.noble,1,0,0,0,0,0,7.0,7,15,0
2026-01-15 15:46:49,172.17.131.81,carole.noble,2,0,0,0,924,611,8.0,7,15,0
2026-01-15 15:46:56,172.17.131.81,carole.noble,1,0,0,0,0,0,5.0,7,15,0
2026-01-15 15:46:56,172.17.131.81,carole.noble,2,0,0,0,137,1504,6.0,7,15,0
2026-01-15 15:48:40,172.17.131.81,carole.noble,1,0,0,0,0,0,1.0,7,15,0
2026-01-15 15:48:40,172.17.131.81,carole.noble,2,0,0,0,908,611,2.0,7,15,0
2026-01-15 15:48:41,172.17.131.81,carole.noble,1,0,0,0,0,0,4.0,7,15,0
2026-01-15 15:48:41,172.17.131.81,carole.noble,2,0,0,0,521,7699,3.0,7,15,0
2026-01-15 15:48:52,172.17.131.81,carole.noble,1,0,0,0,0,0,6.0,7,15,0
2026-01-15 15:48:52,172.17.131.81,carole.noble,2,0,0,0,108,1994,5.0,7,15,0
2026-01-15 15:49:04,172.17.131.81,carole.noble,1,0,0,0,0,0,7.0,7,15,0
2026-01-15 15:49:04,172.17.131.81,carole.noble,2,0,0,0,236,4381,8.0,7,15,0
2026-01-15 15:49:04,172.17.131.81,carole.noble,1,0,0,0,0,0,9.0,7,15,0
2026-01-15 15:49:04,172.17.131.81,carole.noble,2,0,0,0,108,1994,10.0,7,15,0
2026-01-15 15:49:29,172.17.131.81,carole.noble,1,0,0,0,0,0,11.0,7,15,0
2026-01-15 15:49:29,172.17.131.81,carole.noble,2,0,0,0,137,1410,12.0,7,15,0
2026-01-15 15:54:27,172.17.131.81,daniel.morgan,2,0,0,0,8,416,6.0,7,15,0
2026-01-15 15:54:27,172.17.131.81,daniel.morgan,1,0,0,0,0,0,4.0,7,15,0
2026-01-15 15:54:27,172.17.131.81,daniel.morgan,1,0,0,0,0,0,5.0,7,15,0
2026-01-15 15:54:27,172.17.131.81,daniel.morgan,2,0,0,0,124,725,2.0,7,15,0
2026-01-15 15:54:27,172.17.131.81,daniel.morgan,2,0,0,0,70,599,1.0,7,15,0
2026-01-15 15:54:27,172.17.131.81,daniel.morgan,1,0,0,0,0,0,3.0,7,15,0
2026-01-15 15:54:28,172.17.131.81,daniel.morgan,1,0,0,0,0,0,7.0,7,15,0
2026-01-15 15:54:28,172.17.131.81,daniel.morgan,2,0,0,0,221,33461,8.0,7,15,0
2026-01-15 16:02:23,172.17.131.81,brian.potter,1,0,0,0,0,0,1.0,7,16,0
2026-01-15 16:02:23,172.17.131.81,brian.potter,2,0,0,0,221,27925,2.0,7,16,0
2026-01-15 16:03:33,172.17.131.81,brian.potter,1,0,0,0,0,0,4.0,7,16,0
2026-01-15 16:03:33,172.17.131.81,brian.potter,2,0,0,0,334,5284,1.0,7,16,0
2026-01-15 16:03:33,172.17.131.81,brian.potter,1,0,0,0,0,0,2.0,7,16,0
2026-01-15 16:03:33,172.17.131.81,brian.potter,2,0,0,0,718,611,3.0,7,16,0
2026-01-15 16:03:49,172.17.131.81,brian.potter,1,0,0,0,0,0,6.0,7,16,0
2026-01-15 16:03:49,172.17.131.81,brian.potter,2,0,0,0,202,3140,5.0,7,16,0
2026-01-15 16:04:04,172.17.131.81,brian.potter,1,0,0,0,0,0,7.0,7,16,0
2026-01-15 16:04:04,172.17.131.81,brian.potter,2,0,0,0,144,2580,8.0,7,16,0
2026-01-15 16:04:52,172.17.131.81,brian.potter,1,0,0,0,0,0,3.0,7,16,0
2026-01-15 16:04:52,172.17.131.81,brian.potter,2,0,0,0,1561,2297,4.0,7,16,0
2026-01-15 16:04:53,172.17.131.81,brian.potter,1,0,0,0,0,0,5.0,7,16,0
2026-01-15 16:04:53,172.17.131.81,brian.potter,2,0,0,0,521,5657,6.0,7,16,0
2026-01-15 16:05:07,172.17.131.81,brian.potter,1,0,0,0,0,0,5.0,7,16,0
2026-01-15 16:05:07,172.17.131.81,brian.potter,2,0,0,0,202,3026,6.0,7,16,0
2026-01-15 16:05:35,172.17.131.81,brian.potter,1,0,0,0,0,0,8.0,7,16,0
2026-01-15 16:05:35,172.17.131.81,brian.potter,2,0,0,0,144,2496,7.0,7,16,0
2026-01-15 16:07:12,172.17.131.81,brian.potter,1,0,0,0,0,0,1.0,7,16,0
2026-01-15 16:07:12,172.17.131.81,brian.potter,2,0,0,0,1702,2218,2.0,7,16,0
2026-01-15 16:07:31,172.17.131.81,brian.potter,1,0,0,0,0,0,3.0,7,16,0
2026-01-15 16:07:31,172.17.131.81,brian.potter,2,0,0,0,202,3026,4.0,7,16,0
2026-01-15 16:07:55,172.17.131.81,brian.potter,1,0,0,0,0,0,5.0,7,16,0
2026-01-15 16:07:55,172.17.131.81,brian.potter,2,0,0,0,137,1376,6.0,7,16,0
2026-01-15 16:08:11,172.17.131.81,brian.potter,1,0,0,0,0,0,8.0,7,16,0
2026-01-15 16:08:11,172.17.131.81,brian.potter,2,0,0,0,330,6026,7.0,7,16,0
2026-01-15 16:08:28,172.17.131.81,brian.potter,1,0,0,0,0,0,8.0,7,16,0
2026-01-15 16:08:28,172.17.131.81,brian.potter,2,0,0,0,202,3758,7.0,7,16,0
2026-01-15 16:08:44,172.17.131.81,brian.potter,1,0,0,0,0,0,7.0,7,16,0
2026-01-15 16:08:44,172.17.131.81,brian.potter,2,0,0,0,144,3113,8.0,7,16,0
2026-01-15 16:10:36,172.17.131.81,michael.davis,1,0,0,0,0,0,1.0,7,16,0
2026-01-15 16:10:36,172.17.131.81,michael.davis,1,0,0,0,0,0,2.0,7,16,0
2026-01-15 16:10:36,172.17.131.81,michael.davis,2,0,0,0,8,416,3.0,7,16,0
2026-01-15 16:10:36,172.17.131.81,michael.davis,2,0,0,0,124,725,4.0,7,16,0
2026-01-15 16:10:37,172.17.131.81,brian.potter,1,0,0,0,0,0,5.0,7,16,0
2026-01-15 16:10:37,172.17.131.81,brian.potter,2,0,0,0,2194,2382,6.0,7,16,0
2026-01-15 16:11:04,172.17.131.81,michael.davis,3,0,5,28,0,0,7.0,7,16,0
2026-01-15 16:11:16,172.17.131.81,michael.davis,3,0,3,11,0,0,8.0,7,16,0
2026-01-15 16:13:54,172.17.131.81,michael.davis,3,0,4,23,0,0,1.0,7,16,0
2026-01-15 16:15:28,172.17.131.81,michael.davis,3,0,4,24,0,0,1.0,7,16,0
2026-01-15 16:16:27,172.17.131.81,michael.davis,3,0,4,21,0,0,2.0,7,16,0
2026-01-15 16:19:08,172.17.131.81,michael.davis,3,0,4,24,0,0,1.0,7,16,0
2026-01-15 16:21:06,172.17.131.81,michael.davis,3,0,4,22,0,0,1.0,7,16,0
2026-01-15 16:22:53,172.17.131.81,michael.davis,3,0,4,23,0,0,1.0,7,16,0
2026-01-15 16:34:35,172.17.131.81,carole.noble,2,0,0,0,8,416,6.0,7,16,0
2026-01-15 16:34:35,172.17.131.81,carole.noble,1,0,0,0,0,0,5.0,7,16,0
2026-01-15 16:34:35,172.17.131.81,carole.noble,1,0,0,0,0,0,4.0,7,16,0
2026-01-15 16:34:35,172.17.131.81,carole.noble,1,0,0,0,0,0,2.0,7,16,0
2026-01-15 16:34:35,172.17.131.81,carole.noble,2,0,0,0,70,599,1.0,7,16,0
2026-01-15 16:34:35,172.17.131.81,carole.noble,2,0,0,0,124,725,3.0,7,16,0
2026-01-15 16:34:36,172.17.131.81,carole.noble,1,0,0,0,0,0,7.0,7,16,0
2026-01-15 16:34:36,172.17.131.81,carole.noble,2,0,0,0,221,44507,8.0,7,16,0
2026-01-15 16:36:10,172.17.131.81,carole.noble,1,0,0,0,0,0,4.0,7,16,0
2026-01-15 16:36:10,172.17.131.81,carole.noble,2,0,0,0,334,5745,1.0,7,16,0
2026-01-15 16:36:10,172.17.131.81,carole.noble,1,0,0,0,0,0,2.0,7,16,0
2026-01-15 16:36:10,172.17.131.81,carole.noble,2,0,0,0,758,611,3.0,7,16,0
2026-01-15 16:36:18,172.17.131.81,carole.noble,1,0,0,0,0,0,6.0,7,16,0
2026-01-15 16:36:18,172.17.131.81,carole.noble,2,0,0,0,202,2900,5.0,7,16,0
2026-01-15 16:36:30,172.17.131.81,carole.noble,1,0,0,0,0,0,7.0,7,16,0
2026-01-15 16:36:30,172.17.131.81,carole.noble,2,0,0,0,144,2306,8.0,7,16,0
2026-01-15 16:37:02,172.17.131.81,carole.noble,1,0,0,0,0,0,9.0,7,16,0
2026-01-15 16:37:02,172.17.131.81,carole.noble,2,0,0,0,1666,2348,10.0,7,16,0
2026-01-15 16:37:02,172.17.131.81,carole.noble,1,0,0,0,0,0,11.0,7,16,0
2026-01-15 16:37:02,172.17.131.81,carole.noble,2,0,0,0,517,6368,12.0,7,16,0
2026-01-15 16:37:15,172.17.131.81,carole.noble,1,0,0,0,0,0,10.0,7,16,0
2026-01-15 16:37:15,172.17.131.81,carole.noble,2,0,0,0,202,3170,9.0,7,16,0
2026-01-15 16:37:39,172.17.131.81,carole.noble,1,0,0,0,0,0,8.0,7,16,0
2026-01-15 16:37:39,172.17.131.81,carole.noble,2,0,0,0,137,1394,7.0,7,16,0
2026-01-15 16:39:06,172.17.131.81,carole.noble,1,0,0,0,0,0,1.0,7,16,0
2026-01-15 16:39:06,172.17.131.81,carole.noble,2,0,0,0,893,611,2.0,7,16,0
2026-01-15 16:39:07,172.17.131.81,carole.noble,1,0,0,0,0,0,3.0,7,16,0
2026-01-15 16:39:07,172.17.131.81,carole.noble,2,0,0,0,236,3363,4.0,7,16,0
2026-01-15 16:39:14,172.17.131.81,carole.noble,1,0,0,0,0,0,5.0,7,16,0
2026-01-15 16:39:14,172.17.131.81,carole.noble,2,0,0,0,198,3334,6.0,7,16,0
2026-01-15 16:39:30,172.17.131.81,carole.noble,1,0,0,0,0,0,7.0,7,16,0
2026-01-15 16:39:30,172.17.131.81,carole.noble,2,0,0,0,141,2785,8.0,7,16,0
2026-01-15 16:41:05,172.17.131.81,carole.noble,1,0,0,0,0,0,2.0,7,16,0
2026-01-15 16:41:05,172.17.131.81,carole.noble,2,0,0,0,1627,2286,1.0,7,16,0
2026-01-15 16:46:07,172.17.131.81,carole.noble,1,0,0,0,0,0,1.0,7,16,0
2026-01-15 16:46:07,172.17.131.81,carole.noble,2,0,0,0,735,611,2.0,7,16,0
2026-01-15 16:47:00,172.17.131.81,carole.noble,1,0,0,0,0,0,3.0,7,16,0
2026-01-15 16:47:00,172.17.131.81,carole.noble,2,0,0,0,761,611,4.0,7,16,0
2026-01-15 16:47:01,172.17.131.81,carole.noble,1,0,0,0,0,0,5.0,7,16,0
2026-01-15 16:47:01,172.17.131.81,carole.noble,2,0,0,0,523,6913,6.0,7,16,0
2026-01-15 16:47:07,172.17.131.81,carole.noble,1,0,0,0,0,0,5.0,7,16,0
2026-01-15 16:47:07,172.17.131.81,carole.noble,2,0,0,0,202,3191,6.0,7,16,0
2026-01-15 16:47:17,172.17.131.81,carole.noble,1,0,0,0,0,0,7.0,7,16,0
2026-01-15 16:47:18,172.17.131.81,carole.noble,2,0,0,0,137,1386,8.0,7,16,0
2026-01-15 16:49:31,172.17.131.81,carole.noble,1,0,0,0,0,0,1.0,7,16,0
2026-01-15 16:49:31,172.17.131.81,carole.noble,2,0,0,0,1062,611,2.0,7,16,0
2026-01-15 16:50:34,172.17.131.81,carole.noble,1,0,0,0,0,0,1.0,7,16,0
2026-01-15 16:50:34,172.17.131.81,carole.noble,2,0,0,0,837,611,2.0,7,16,0
2026-01-15 16:52:00,172.17.131.81,carole.noble,1,0,0,0,0,0,1.0,7,16,0
2026-01-15 16:52:00,172.17.131.81,carole.noble,2,0,0,0,880,611,2.0,7,16,0
2026-01-15 16:52:51,172.17.131.81,carole.noble,1,0,0,0,0,0,3.0,7,16,0
2026-01-15 16:52:51,172.17.131.81,carole.noble,2,0,0,0,783,612,4.0,7,16,0
2026-01-15 16:53:55,172.17.131.81,carole.noble,1,0,0,0,0,0,2.0,7,16,0
2026-01-15 16:53:55,172.17.131.81,carole.noble,2,0,0,0,858,612,1.0,7,16,0
2026-01-15 16:57:39,172.17.131.81,meghan.morris,1,0,0,0,0,0,1.0,7,16,0
2026-01-15 16:57:39,172.17.131.81,meghan.morris,1,0,0,0,0,0,2.0,7,16,0
2026-01-15 16:57:40,172.17.131.81,meghan.morris,2,0,0,0,8,416,3.0,7,16,0
2026-01-15 16:57:40,172.17.131.81,meghan.morris,2,0,0,0,124,725,4.0,7,16,0
2026-01-15 16:57:40,172.17.131.81,meghan.morris,1,0,0,0,0,0,5.0,7,16,0
2026-01-15 16:57:40,172.17.131.81,meghan.morris,2,0,0,0,70,599,6.0,7,16,0
2026-01-15 16:57:40,172.17.131.81,meghan.morris,1,0,0,0,0,0,7.0,7,16,0
2026-01-15 16:57:40,172.17.131.81,meghan.morris,2,0,0,0,221,16268,8.0,7,16,0
2026-01-15 16:58:51,172.17.131.81,carole.noble,1,0,0,0,0,0,2.0,7,16,0
2026-01-15 16:58:51,172.17.131.81,carole.noble,2,0,0,0,891,612,1.0,7,16,0
2026-01-15 16:58:52,172.17.131.81,carole.noble,1,0,0,0,0,0,3.0,7,16,0
2026-01-15 16:58:52,172.17.131.81,carole.noble,2,0,0,0,334,7096,4.0,7,16,0
2026-01-15 16:59:13,172.17.131.81,carole.noble,1,0,0,0,0,0,5.0,7,16,0
2026-01-15 16:59:13,172.17.131.81,carole.noble,2,0,0,0,137,1550,6.0,7,16,0
2026-01-15 16:59:38,172.17.131.81,carole.noble,1,0,0,0,0,0,7.0,7,16,0
2026-01-15 16:59:38,172.17.131.81,carole.noble,2,0,0,0,324,1863,8.0,7,16,0
2026-01-15 16:59:39,172.17.131.81,carole.noble,1,0,0,0,0,0,10.0,7,16,0
2026-01-15 16:59:39,172.17.131.81,carole.noble,2,0,0,0,334,6494,9.0,7,16,0
2026-01-15 16:59:46,172.17.131.81,carole.noble,1,0,0,0,0,0,12.0,7,16,0
2026-01-15 16:59:46,172.17.131.81,carole.noble,2,0,0,0,137,1408,11.0,7,16,0
2026-01-15 17:04:39,172.17.131.81,carole.noble,1,0,0,0,0,0,1.0,7,17,0
2026-01-15 17:04:40,172.17.131.81,carole.noble,2,0,0,0,945,612,2.0,7,17,0
2026-01-15 17:06:14,172.17.131.81,carole.noble,1,0,0,0,0,0,1.0,7,17,0
2026-01-15 17:06:14,172.17.131.81,carole.noble,2,0,0,0,927,612,2.0,7,17,0
2026-01-15 17:06:35,172.17.131.81,carole.noble,1,0,0,0,0,0,3.0,7,17,0
2026-01-15 17:06:35,172.17.131.81,carole.noble,2,0,0,0,198,3342,4.0,7,17,0
2026-01-15 17:07:02,172.17.131.81,carole.noble,1,0,0,0,0,0,5.0,7,17,0
2026-01-15 17:07:02,172.17.131.81,carole.noble,2,0,0,0,135,1452,6.0,7,17,0
2026-01-15 17:09:01,172.17.131.81,carole.noble,1,0,0,0,0,0,2.0,7,17,0
2026-01-15 17:09:01,172.17.131.81,carole.noble,2,0,0,0,1412,612,1.0,7,17,0
2026-01-15 17:10:02,172.17.131.81,carole.noble,1,0,0,0,0,0,1.0,7,17,0
2026-01-15 17:10:02,172.17.131.81,carole.noble,2,0,0,0,838,612,2.0,7,17,0
2026-01-15 17:10:23,172.17.131.81,carole.noble,1,0,0,0,0,0,3.0,7,17,0
2026-01-15 17:10:23,172.17.131.81,carole.noble,2,0,0,0,202,3086,4.0,7,17,0
2026-01-15 17:10:43,172.17.131.81,carole.noble,1,0,0,0,0,0,5.0,7,17,0
2026-01-15 17:10:43,172.17.131.81,carole.noble,2,0,0,0,322,2130,6.0,7,17,0
2026-01-15 17:11:18,172.17.131.81,michael.davis,1,0,0,0,0,0,5.0,7,17,0
2026-01-15 17:11:18,172.17.131.81,michael.davis,1,0,0,0,0,0,6.0,7,17,0
2026-01-15 17:11:18,172.17.131.81,michael.davis,2,0,0,0,8,416,7.0,7,17,0
2026-01-15 17:11:18,172.17.131.81,michael.davis,2,0,0,0,124,725,8.0,7,17,0
2026-01-15 17:11:44,172.17.131.81,michael.davis,3,0,5,26,0,0,5.0,7,17,0
2026-01-15 17:11:56,172.17.131.81,michael.davis,3,0,3,11,0,0,6.0,7,17,0
2026-01-15 17:16:45,172.17.131.81,samantha.thornton,3,0,1,5,0,0,1.0,7,17,0
2026-01-15 17:16:58,172.17.131.81,samantha.thornton,1,0,0,0,0,0,6.0,7,17,0
2026-01-15 17:16:58,172.17.131.81,samantha.thornton,1,0,0,0,0,0,5.0,7,17,0
2026-01-15 17:16:58,172.17.131.81,samantha.thornton,2,0,0,0,8,416,7.0,7,17,0
2026-01-15 17:16:58,172.17.131.81,samantha.thornton,2,0,0,0,124,725,3.0,7,17,0
2026-01-15 17:16:58,172.17.131.81,samantha.thornton,1,0,0,0,0,0,2.0,7,17,0
2026-01-15 17:16:58,172.17.131.81,samantha.thornton,2,0,0,0,70,599,4.0,7,17,0
2026-01-15 17:16:58,172.17.131.81,samantha.thornton,1,0,0,0,0,0,8.0,7,17,0
2026-01-15 17:16:59,172.17.131.81,samantha.thornton,2,0,0,0,221,36643,9.0,7,17,0
2026-01-15 17:19:40,172.17.131.81,samantha.thornton,1,0,0,0,0,0,1.0,7,17,0
2026-01-15 17:19:40,172.17.131.81,samantha.thornton,2,0,0,0,1145,611,2.0,7,17,0
2026-01-15 17:19:40,172.17.131.81,samantha.thornton,1,0,0,0,0,0,3.0,7,17,0
2026-01-15 17:19:40,172.17.131.81,samantha.thornton,2,0,0,0,334,6178,4.0,7,17,0
2026-01-15 17:19:53,172.17.131.81,samantha.thornton,1,0,0,0,0,0,5.0,7,17,0
2026-01-15 17:19:53,172.17.131.81,samantha.thornton,2,0,0,0,202,3734,6.0,7,17,0
2026-01-15 17:20:12,172.17.131.81,samantha.thornton,1,0,0,0,0,0,7.0,7,17,0
2026-01-15 17:20:12,172.17.131.81,samantha.thornton,2,0,0,0,144,3061,8.0,7,17,0
2026-01-15 17:21:15,172.17.131.81,samantha.thornton,1,0,0,0,0,0,2.0,7,17,0
2026-01-15 17:21:15,172.17.131.81,samantha.thornton,2,0,0,0,1909,2418,1.0,7,17,0
2026-01-15 17:22:46,172.17.131.81,samantha.thornton,1,0,0,0,0,0,1.0,7,17,0
2026-01-15 17:22:46,172.17.131.81,samantha.thornton,2,0,0,0,1315,611,2.0,7,17,0
2026-01-15 17:22:47,172.17.131.81,samantha.thornton,1,0,0,0,0,0,3.0,7,17,0
2026-01-15 17:22:47,172.17.131.81,samantha.thornton,2,0,0,0,521,7079,4.0,7,17,0
2026-01-15 17:23:01,172.17.131.81,samantha.thornton,1,0,0,0,0,0,5.0,7,17,0
2026-01-15 17:23:01,172.17.131.81,samantha.thornton,2,0,0,0,202,3457,6.0,7,17,0
2026-01-15 17:23:16,172.17.131.81,samantha.thornton,1,0,0,0,0,0,7.0,7,17,0
2026-01-15 17:23:16,172.17.131.81,samantha.thornton,2,0,0,0,144,2815,8.0,7,17,0
2026-01-15 17:24:23,172.17.131.81,michael.davis,3,0,3,19,0,0,1.0,7,17,0
2026-01-15 17:24:28,172.17.131.81,samantha.thornton,1,0,0,0,0,0,3.0,7,17,0
2026-01-15 17:24:28,172.17.131.81,samantha.thornton,2,0,0,0,1673,2322,2.0,7,17,0
2026-01-15 17:24:47,172.17.131.81,samantha.thornton,1,0,0,0,0,0,4.0,7,17,0
2026-01-15 17:24:47,172.17.131.81,samantha.thornton,2,0,0,0,202,3457,5.0,7,17,0
2026-01-15 17:25:05,172.17.131.81,samantha.thornton,1,0,0,0,0,0,6.0,7,17,0
2026-01-15 17:25:05,172.17.131.81,samantha.thornton,2,0,0,0,137,1546,7.0,7,17,0
2026-01-15 17:29:08,172.17.131.81,samantha.thornton,1,0,0,0,0,0,1.0,7,17,0
2026-01-15 17:29:08,172.17.131.81,samantha.thornton,2,0,0,0,513,6207,2.0,7,17,0
2026-01-15 17:29:25,172.17.131.81,samantha.thornton,1,0,0,0,0,0,3.0,7,17,0
2026-01-15 17:29:25,172.17.131.81,samantha.thornton,2,0,0,0,135,1425,4.0,7,17,0
2026-01-15 17:35:04,172.17.131.81,samantha.thornton,1,0,0,0,0,0,2.0,7,17,0
2026-01-15 17:35:04,172.17.131.81,samantha.thornton,2,0,0,0,605,6680,1.0,7,17,0
2026-01-15 17:35:30,172.17.131.81,carole.noble,1,0,0,0,0,0,3.0,7,17,0
2026-01-15 17:35:30,172.17.131.81,carole.noble,2,0,0,0,184,44854,4.0,7,17,0
2026-01-15 17:35:49,172.17.131.81,carole.noble,1,0,0,0,0,0,5.0,7,17,0
2026-01-15 17:35:49,172.17.131.81,carole.noble,2,0,0,0,334,5622,6.0,7,17,0
2026-01-15 17:36:08,172.17.131.81,carole.noble,1,0,0,0,0,0,5.0,7,17,0
2026-01-15 17:36:08,172.17.131.81,carole.noble,2,0,0,0,202,3256,6.0,7,17,0
2026-01-15 17:36:21,172.17.131.81,carole.noble,1,0,0,0,0,0,8.0,7,17,0
2026-01-15 17:36:21,172.17.131.81,carole.noble,2,0,0,0,137,1491,7.0,7,17,0
2026-01-15 17:36:43,172.17.131.81,carole.noble,1,0,0,0,0,0,8.0,7,17,0
2026-01-15 17:36:43,172.17.131.81,carole.noble,2,0,0,0,611,6667,7.0,7,17,0
2026-01-15 17:36:49,172.17.131.81,carole.noble,1,0,0,0,0,0,7.0,7,17,0
2026-01-15 17:36:49,172.17.131.81,carole.noble,2,0,0,0,202,3448,8.0,7,17,0
2026-01-15 17:37:06,172.17.131.81,carole.noble,1,0,0,0,0,0,9.0,7,17,0
2026-01-15 17:37:06,172.17.131.81,carole.noble,2,0,0,0,144,2892,10.0,7,17,0
2026-01-15 17:38:11,172.17.131.81,carole.noble,1,0,0,0,0,0,1.0,7,17,0
2026-01-15 17:38:11,172.17.131.81,carole.noble,2,0,0,0,1699,2296,2.0,7,17,0
2026-01-15 17:38:25,172.17.131.81,carole.noble,1,0,0,0,0,0,3.0,7,17,0
2026-01-15 17:38:25,172.17.131.81,carole.noble,2,0,0,0,308,1791,4.0,7,17,0
2026-01-15 17:39:29,172.17.131.81,carole.noble,1,0,0,0,0,0,2.0,7,17,0
2026-01-15 17:39:29,172.17.131.81,carole.noble,2,0,0,0,759,612,1.0,7,17,0
2026-01-15 17:39:30,172.17.131.81,carole.noble,1,0,0,0,0,0,3.0,7,17,0
2026-01-15 17:39:30,172.17.131.81,carole.noble,2,0,0,0,112,670,4.0,7,17,0
2026-01-15 17:39:30,172.17.131.81,carole.noble,1,0,0,0,0,0,5.0,7,17,0
2026-01-15 17:39:30,172.17.131.81,carole.noble,2,0,0,0,334,5953,6.0,7,17,0
2026-01-15 17:39:47,172.17.131.81,carole.noble,1,0,0,0,0,0,7.0,7,17,0
2026-01-15 17:39:47,172.17.131.81,carole.noble,2,0,0,0,137,1440,8.0,7,17,0
2026-01-15 17:39:52,172.17.131.81,carole.noble,1,0,0,0,0,0,10.0,7,17,0
2026-01-15 17:39:52,172.17.131.81,carole.noble,2,0,0,0,611,6991,9.0,7,17,0
2026-01-15 17:40:10,172.17.131.81,carole.noble,1,0,0,0,0,0,12.0,7,17,0
2026-01-15 17:40:10,172.17.131.81,carole.noble,2,0,0,0,137,1418,11.0,7,17,0
2026-01-15 17:41:10,172.17.131.81,carole.noble,1,0,0,0,0,0,1.0,7,17,0
2026-01-15 17:41:10,172.17.131.81,carole.noble,2,0,0,0,1146,612,2.0,7,17,0
2026-01-15 17:41:32,172.17.131.81,michael.davis,3,0,3,19,0,0,3.0,7,17,0
2026-01-15 17:42:07,172.17.131.81,michael.davis,3,0,3,12,0,0,4.0,7,17,0
2026-01-15 17:45:07,172.17.131.81,carole.noble,1,0,0,0,0,0,1.0,7,17,0
2026-01-15 17:45:07,172.17.131.81,carole.noble,2,0,0,0,819,612,2.0,7,17,0
2026-01-15 17:52:08,172.17.131.81,carole.noble,1,0,0,0,0,0,1.0,7,17,0
2026-01-15 17:52:09,172.17.131.81,carole.noble,2,0,0,0,221,45003,2.0,7,17,0
2026-01-15 17:52:32,172.17.131.81,carole.noble,1,0,0,0,0,0,4.0,7,17,0
2026-01-15 17:52:32,172.17.131.81,carole.noble,2,0,0,0,334,5709,3.0,7,17,0
2026-01-15 17:53:00,172.17.131.81,carole.noble,1,0,0,0,0,0,5.0,7,17,0
2026-01-15 17:53:00,172.17.131.81,carole.noble,2,0,0,0,137,1503,6.0,7,17,0
2026-01-15 17:53:19,172.17.131.81,carole.noble,1,0,0,0,0,0,5.0,7,17,0
2026-01-15 17:53:19,172.17.131.81,carole.noble,2,0,0,0,611,7087,6.0,7,17,0
2026-01-15 17:53:39,172.17.131.81,carole.noble,1,0,0,0,0,0,5.0,7,17,0
2026-01-15 17:53:39,172.17.131.81,carole.noble,2,0,0,0,202,3760,6.0,7,17,0
2026-01-15 17:54:00,172.17.131.81,carole.noble,1,0,0,0,0,0,5.0,7,17,0
2026-01-15 17:54:00,172.17.131.81,carole.noble,2,0,0,0,137,1541,6.0,7,17,0
2026-01-15 17:54:06,172.17.131.81,carole.noble,1,0,0,0,0,0,8.0,7,17,0
2026-01-15 17:54:06,172.17.131.81,carole.noble,2,0,0,0,611,7067,7.0,7,17,0
2026-01-15 17:54:14,172.17.131.81,carole.noble,1,0,0,0,0,0,9.0,7,17,0
2026-01-15 17:54:14,172.17.131.81,carole.noble,2,0,0,0,202,3205,10.0,7,17,0
2026-01-15 17:54:28,172.17.131.81,carole.noble,1,0,0,0,0,0,9.0,7,17,0
2026-01-15 17:54:28,172.17.131.81,carole.noble,2,0,0,0,144,2653,10.0,7,17,0
2026-01-15 17:55:10,172.17.131.81,carole.noble,1,0,0,0,0,0,5.0,7,17,0
2026-01-15 17:55:10,172.17.131.81,carole.noble,2,0,0,0,2013,2302,6.0,7,17,0
2026-01-15 17:56:05,172.17.131.81,carole.noble,1,0,0,0,0,0,3.0,7,17,0
2026-01-15 17:56:05,172.17.131.81,carole.noble,2,0,0,0,810,612,4.0,7,17,0
2026-01-15 17:56:06,172.17.131.81,carole.noble,1,0,0,0,0,0,6.0,7,17,0
2026-01-15 17:56:06,172.17.131.81,carole.noble,2,0,0,0,522,6550,5.0,7,17,0
2026-01-15 17:58:49,172.17.131.81,carole.noble,1,0,0,0,0,0,1.0,7,17,0
2026-01-15 17:58:49,172.17.131.81,carole.noble,2,0,0,0,1173,612,2.0,7,17,0
2026-01-15 17:58:50,172.17.131.81,carole.noble,1,0,0,0,0,0,3.0,7,17,0
2026-01-15 17:58:50,172.17.131.81,carole.noble,2,0,0,0,237,3876,4.0,7,17,0
2026-01-15 17:58:57,172.17.131.81,carole.noble,1,0,0,0,0,0,5.0,7,17,0
2026-01-15 17:58:57,172.17.131.81,carole.noble,2,0,0,0,137,1564,6.0,7,17,0
2026-01-15 18:00:11,172.17.131.81,carole.noble,1,0,0,0,0,0,1.0,7,18,0
2026-01-15 18:00:11,172.17.131.81,carole.noble,2,0,0,0,1105,612,2.0,7,18,0
2026-01-15 18:01:17,172.17.131.81,carole.noble,1,0,0,0,0,0,2.0,7,18,0
2026-01-15 18:01:17,172.17.131.81,carole.noble,2,0,0,0,822,612,1.0,7,18,0
2026-01-15 18:03:04,172.17.131.81,carole.noble,1,0,0,0,0,0,1.0,7,18,0
2026-01-15 18:03:04,172.17.131.81,carole.noble,2,0,0,0,998,612,2.0,7,18,0
2026-01-15 18:03:25,172.17.131.81,carole.noble,1,0,0,0,0,0,3.0,7,18,0
2026-01-15 18:03:25,172.17.131.81,carole.noble,2,0,0,0,324,2258,4.0,7,18,0
2026-01-15 18:05:53,172.17.131.81,carole.noble,2,0,0,0,124,725,8.0,7,18,0
2026-01-15 18:05:53,172.17.131.81,carole.noble,1,0,0,0,0,0,7.0,7,18,0
2026-01-15 18:05:53,172.17.131.81,carole.noble,2,0,0,0,8,416,5.0,7,18,0
2026-01-15 18:05:53,172.17.131.81,carole.noble,1,0,0,0,0,0,6.0,7,18,0
2026-01-15 18:05:53,172.17.131.81,carole.noble,1,0,0,0,0,0,3.0,7,18,0
2026-01-15 18:05:53,172.17.131.81,carole.noble,1,0,0,0,0,0,2.0,7,18,0
2026-01-15 18:05:53,172.17.131.81,carole.noble,2,0,0,0,221,45061,1.0,7,18,0
2026-01-15 18:05:53,172.17.131.81,carole.noble,2,0,0,0,70,599,4.0,7,18,0
2026-01-15 18:11:19,172.17.131.81,michael.davis,3,0,3,19,0,0,1.0,7,18,0
2026-01-15 18:14:51,172.17.131.81,michael.davis,3,0,4,23,0,0,1.0,7,18,0
2026-01-15 18:15:06,172.17.131.81,michael.davis,3,0,3,11,0,0,2.0,7,18,0
2026-01-15 18:16:25,172.17.131.81,michael.davis,3,0,4,24,0,0,1.0,7,18,0
2026-01-15 18:27:37,172.17.131.81,michael.davis,3,0,3,21,0,0,1.0,7,18,0
2026-01-15 18:28:52,172.17.131.81,michael.davis,3,0,4,22,0,0,1.0,7,18,0
2026-01-15 18:30:47,172.17.131.81,michael.davis,3,0,4,24,0,0,1.0,7,18,0
2026-01-15 18:33:11,172.17.131.81,michael.davis,3,0,4,23,0,0,1.0,7,18,0
2026-01-15 18:39:02,172.17.131.81,meghan.morris,1,0,0,0,0,0,1.0,7,18,0
2026-01-15 18:39:02,172.17.131.81,meghan.morris,1,0,0,0,0,0,2.0,7,18,0
2026-01-15 18:39:02,172.17.131.81,meghan.morris,2,0,0,0,8,416,3.0,7,18,0
2026-01-15 18:39:02,172.17.131.81,meghan.morris,2,0,0,0,124,725,4.0,7,18,0
2026-01-15 18:39:02,172.17.131.81,meghan.morris,1,0,0,0,0,0,5.0,7,18,0
2026-01-15 18:39:02,172.17.131.81,meghan.morris,2,0,0,0,70,599,6.0,7,18,0
2026-01-15 18:39:02,172.17.131.81,meghan.morris,1,0,0,0,0,0,7.0,7,18,0
2026-01-15 18:39:02,172.17.131.81,meghan.morris,2,0,0,0,221,16716,8.0,7,18,0
2026-01-15 19:03:43,172.17.131.81,michael.davis,3,0,3,20,0,0,1.0,7,19,0
2026-01-15 19:04:41,172.17.131.81,michael.davis,3,0,3,20,0,0,2.0,7,19,0
2026-01-15 19:06:27,172.17.131.81,michael.davis,3,0,4,22,0,0,1.0,7,19,0
2026-01-15 19:07:43,172.17.131.81,michael.davis,3,0,4,24,0,0,1.0,7,19,0
2026-01-15 19:09:27,172.17.131.81,michael.davis,3,0,4,23,0,0,1.0,7,19,0
2026-01-15 19:11:32,172.17.131.81,michael.davis,3,0,4,24,0,0,1.0,7,19,0
2026-01-15 19:11:54,172.17.131.81,jessica.wright,1,0,0,0,0,0,6.0,7,19,0
2026-01-15 19:11:54,172.17.131.81,jessica.wright,1,0,0,0,0,0,5.0,7,19,0
2026-01-15 19:11:54,172.17.131.81,jessica.wright,2,0,0,0,8,416,7.0,7,19,0
2026-01-15 19:11:54,172.17.131.81,jessica.wright,2,0,0,0,124,725,3.0,7,19,0
2026-01-15 19:11:54,172.17.131.81,jessica.wright,1,0,0,0,0,0,2.0,7,19,0
2026-01-15 19:11:54,172.17.131.81,jessica.wright,2,0,0,0,70,599,4.0,7,19,0
2026-01-15 19:11:55,172.17.131.81,jessica.wright,1,0,0,0,0,0,8.0,7,19,0
2026-01-15 19:11:55,172.17.131.81,jessica.wright,2,0,0,0,221,14858,9.0,7,19,0
2026-01-15 19:13:45,172.17.131.81,meghan.morris,1,0,0,0,0,0,1.0,7,19,0
2026-01-15 19:13:45,172.17.131.81,meghan.morris,2,0,0,0,221,17650,2.0,7,19,0
2026-01-15 19:13:47,172.17.131.81,michael.davis,3,0,4,22,0,0,3.0,7,19,0
2026-01-15 19:16:20,172.17.131.81,meghan.morris,1,0,0,0,0,0,1.0,7,19,0
2026-01-15 19:16:20,172.17.131.81,meghan.morris,2,0,0,0,1099,611,2.0,7,19,0
2026-01-15 19:16:21,172.17.131.81,meghan.morris,1,0,0,0,0,0,4.0,7,19,0
2026-01-15 19:16:21,172.17.131.81,meghan.morris,2,0,0,0,334,6022,3.0,7,19,0
2026-01-15 19:16:38,172.17.131.81,meghan.morris,1,0,0,0,0,0,5.0,7,19,0
2026-01-15 19:16:38,172.17.131.81,meghan.morris,2,0,0,0,202,3542,6.0,7,19,0
2026-01-15 19:17:07,172.17.131.81,meghan.morris,1,0,0,0,0,0,7.0,7,19,0
2026-01-15 19:17:07,172.17.131.81,meghan.morris,2,0,0,0,137,1542,8.0,7,19,0
2026-01-15 19:19:20,172.17.131.81,michael.davis,3,0,4,23,0,0,1.0,7,19,0
2026-01-15 19:20:53,172.17.131.81,michael.davis,3,0,4,25,0,0,1.0,7,19,0
2026-01-15 19:22:26,172.17.131.81,michael.davis,3,0,4,23,0,0,1.0,7,19,0
2026-01-15 19:24:14,172.17.131.81,michael.davis,3,0,4,23,0,0,1.0,7,19,0
2026-01-15 19:25:43,172.17.131.81,michael.davis,3,0,4,23,0,0,1.0,7,19,0
2026-01-15 19:26:52,172.17.131.81,michael.davis,3,0,4,22,0,0,1.0,7,19,0
2026-01-15 19:28:20,172.17.131.81,michael.davis,3,0,4,24,0,0,1.0,7,19,0
2026-01-15 19:30:11,172.17.131.81,michael.davis,3,0,4,25,0,0,1.0,7,19,0
