session_id,parent_tracking_id,markov_threat_score,sequence_summary
172.19.131.174_20220124035735,172.19.131.174_20220124035653,100.0,CLIENT_ERR
172.19.131.174_20220124035653,172.19.131.174_20220124035653,100.0,L1_ALERT
172.19.131.174_20220124035730,172.19.131.174_20220124035653,100.0,CLIENT_ERR
10.143.2.4_20220121055527,10.143.2.4_20220121055527,31.67,GENERIC_GET -> SENSITIVE_FILE_ACCESS
10.143.2.4_20220124035653,10.143.2.4_20220124035653,31.24,SENSITIVE_FILE_ACCESS -> GENERIC_GET
10.143.2.4_20220121125035,10.143.2.4_20220121125035,27.62,SENSITIVE_FILE_ACCESS -> GENERIC_GET
10.143.2.91_20220121161352,10.143.2.91_20220121161352,26.48,GENERIC_GET -> STATIC_ASSET -> DYNAMIC_QUERY
10.143.2.4_20220123124741,10.143.2.4_20220123124741,25.7,GENERIC_GET -> SENSITIVE_FILE_ACCESS
10.143.2.91_20220124151643,10.143.2.91_20220124151643,24.92,DYNAMIC_QUERY -> GENERIC_GET -> CLIENT_ERR
10.143.2.4_20220122055813,10.143.2.4_20220122055813,24.77,SENSITIVE_FILE_ACCESS -> GENERIC_GET
10.143.2.4_20220123063614,10.143.2.4_20220123063614,24.77,SENSITIVE_FILE_ACCESS -> GENERIC_GET
10.143.2.4_20220122125442,10.143.2.4_20220122125442,24.56,GENERIC_GET -> SENSITIVE_FILE_ACCESS -> SERVER_INTERNAL_ERROR
10.143.2.91_20220122082813,10.143.2.91_20220122082813,21.82,STATIC_ASSET
10.143.2.4_20220124130151,10.143.2.4_20220124130151,21.57,GENERIC_GET -> SENSITIVE_FILE_ACCESS -> SERVER_INTERNAL_ERROR
10.143.2.91_20220124075823,10.143.2.91_20220124075823,21.44,GENERIC_GET -> STATIC_ASSET
10.143.2.91_20220123132949,10.143.2.91_20220123132949,21.39,GENERIC_GET -> DYNAMIC_QUERY -> STATIC_ASSET
10.143.2.25_20220123121023,10.143.2.25_20220123100851,21.16,STATIC_ASSET -> ADMIN_ACTION -> GENERIC_GET
10.143.2.91_20220122142105,10.143.2.91_20220122142105,21.15,GENERIC_GET -> DYNAMIC_QUERY -> STATIC_ASSET
10.143.2.25_20220123195745,10.143.2.25_20220123195745,20.49,GENERIC_GET -> STATIC_ASSET
10.143.2.91_20220122134850,10.143.2.91_20220122094756,20.36,FORM_SUBMISSION -> STATIC_ASSET
10.143.2.91_20220124180757,10.143.2.91_20220124160553,20.28,FORM_SUBMISSION
10.143.2.91_20220123063613,10.143.2.91_20220123063613,20.03,GENERIC_GET -> STATIC_ASSET
10.143.2.25_20220123210840,10.143.2.25_20220123210840,20.0,GENERIC_GET -> DYNAMIC_QUERY -> STATIC_ASSET
10.143.2.91_20220121094103,10.143.2.91_20220121094103,19.99,STATIC_ASSET -> GENERIC_GET
172.19.131.174_20220121120219,172.19.131.174_20220121104550,19.98,STATIC_ASSET
10.143.2.91_20220121115038,10.143.2.91_20220121115038,19.95,STATIC_ASSET -> GENERIC_GET
10.143.2.25_20220121122049,10.143.2.25_20220121122049,19.93,GENERIC_GET -> STATIC_ASSET
172.19.131.174_20220123115740,172.19.131.174_20220121104550,19.9,STATIC_ASSET
172.19.131.174_20220122140719,172.19.131.174_20220121104550,19.86,DYNAMIC_QUERY -> FORM_SUBMISSION
10.143.3.65_20220122110342,10.143.3.65_20220122110342,19.85,GENERIC_GET -> AUTH_ACTION
10.143.2.25_20220122132846,10.143.2.25_20220122132846,19.85,STATIC_ASSET
172.19.131.174_20220122080619,172.19.131.174_20220121104550,19.83,DYNAMIC_QUERY
10.143.2.91_20220123172930,10.143.2.91_20220123172930,19.78,GENERIC_GET -> FORM_SUBMISSION -> SENSITIVE_FILE_ACCESS -> STATIC_ASSET
::1_20220122190839,::1_20220122190839,19.76,GENERIC_GET
10.143.2.25_20220122072647,10.143.2.25_20220122072647,19.73,GENERIC_GET -> STATIC_ASSET
10.143.3.65_20220121151752,10.143.3.65_20220121151752,19.73,STATIC_ASSET -> GENERIC_GET
10.143.2.25_20220122161002,10.143.2.25_20220122140951,19.72,GENERIC_GET -> STATIC_ASSET
10.143.2.91_20220123141008,10.143.2.91_20220123141008,19.7,GENERIC_GET -> CLIENT_ERR -> STATIC_ASSET
10.143.3.65_20220122124224,10.143.3.65_20220122124224,19.68,GENERIC_GET -> AUTH_ACTION
10.143.2.91_20220123082652,10.143.2.91_20220123082652,19.66,GENERIC_GET -> SENSITIVE_FILE_ACCESS
172.19.131.174_20220124145224,172.19.131.174_20220124104738,19.59,FORM_SUBMISSION -> STATIC_ASSET -> GENERIC_GET
10.143.2.91_20220122094756,10.143.2.91_20220122094756,19.55,GENERIC_GET -> SENSITIVE_FILE_ACCESS
10.143.2.91_20220123105450,10.143.2.91_20220123105450,19.54,GENERIC_GET -> DYNAMIC_QUERY -> STATIC_ASSET
10.143.2.25_20220124093616,10.143.2.25_20220124073612,19.53,AUTH_ACTION -> L1_ALERT -> STATIC_ASSET
10.143.2.91_20220124124253,10.143.2.91_20220124124253,19.52,GENERIC_GET -> STATIC_ASSET -> AUTH_ACTION
172.19.131.174_20220122160735,172.19.131.174_20220121104550,19.52,FORM_SUBMISSION
10.143.2.91_20220123073925,10.143.2.91_20220123073925,19.49,GENERIC_GET -> AUTH_ACTION -> STATIC_ASSET
10.143.3.65_20220121161734,10.143.3.65_20220121161734,19.49,GENERIC_GET -> AUTH_ACTION
172.19.131.174_20220121104550,172.19.131.174_20220121104550,19.48,GENERIC_GET -> AUTH_ACTION
10.143.2.25_20220122140951,10.143.2.25_20220122140951,19.48,STATIC_ASSET -> AUTH_ACTION
10.143.2.25_20220121091409,10.143.2.25_20220121091409,19.48,AUTH_ACTION -> GENERIC_GET -> STATIC_ASSET
10.143.3.65_20220124173903,10.143.3.65_20220124133832,19.48,DYNAMIC_QUERY
10.143.2.25_20220123080612,10.143.2.25_20220123080612,19.47,GENERIC_GET -> STATIC_ASSET
172.19.131.174_20220124081912,172.19.131.174_20220124081912,19.46,GENERIC_GET -> SENSITIVE_FILE_ACCESS
172.19.131.174_20220121075137,172.19.131.174_20220121075137,19.46,GENERIC_GET -> STATIC_ASSET
10.143.2.25_20220123055009,10.143.2.25_20220123055009,19.46,STATIC_ASSET -> AUTH_ACTION -> GENERIC_GET
172.19.131.174_20220124124743,172.19.131.174_20220124104738,19.45,SENSITIVE_FILE_ACCESS -> FORM_SUBMISSION -> STATIC_ASSET
172.19.131.174_20220121063014,172.19.131.174_20220121063014,19.45,STATIC_ASSET -> AUTH_ACTION
10.143.2.25_20220123123520,10.143.2.25_20220123123520,19.45,GENERIC_GET -> SENSITIVE_FILE_ACCESS -> STATIC_ASSET
10.143.2.91_20220124064233,10.143.2.91_20220124064233,19.44,GENERIC_GET -> AUTH_ACTION
10.143.3.65_20220123124124,10.143.3.65_20220123124124,19.44,STATIC_ASSET
10.143.2.91_20220122091246,10.143.2.91_20220122091246,19.43,AUTH_ACTION -> STATIC_ASSET
10.143.2.25_20220121180956,10.143.2.25_20220121180956,19.42,GENERIC_GET
172.19.131.174_20220123135749,172.19.131.174_20220121104550,19.41,DYNAMIC_QUERY -> FORM_SUBMISSION
172.19.131.174_20220123173827,172.19.131.174_20220123173827,19.41,GENERIC_GET -> SENSITIVE_FILE_ACCESS
10.143.2.25_20220121135608,10.143.2.25_20220121135608,19.4,GENERIC_GET -> STATIC_ASSET -> DYNAMIC_QUERY
10.143.2.25_20220122062509,10.143.2.25_20220122062509,19.4,GENERIC_GET -> STATIC_ASSET
10.143.3.65_20220122174741,10.143.3.65_20220122174741,19.38,GENERIC_GET
10.143.3.65_20220121083217,10.143.3.65_20220121083217,19.38,STATIC_ASSET -> AUTH_ACTION -> GENERIC_GET
172.19.131.174_20220121084837,172.19.131.174_20220121084837,19.38,GENERIC_GET -> AUTH_ACTION -> STATIC_ASSET
10.143.2.91_20220121150518,10.143.2.91_20220121150518,19.38,GENERIC_GET -> AUTH_ACTION -> STATIC_ASSET
172.19.131.174_20220124074931,172.19.131.174_20220124074931,19.36,STATIC_ASSET -> AUTH_ACTION
10.143.2.91_20220121101537,10.143.2.91_20220121101537,19.36,GENERIC_GET -> AUTH_ACTION
10.143.3.65_20220121175820,10.143.3.65_20220121175820,19.36,GENERIC_GET -> AUTH_ACTION
10.143.2.25_20220123163556,10.143.2.25_20220123123520,19.35,STATIC_ASSET
10.143.2.25_20220124095730,10.143.2.25_20220124095730,19.35,STATIC_ASSET -> AUTH_ACTION -> GENERIC_GET
10.143.2.25_20220124152707,10.143.2.25_20220124112537,19.34,STATIC_ASSET -> GENERIC_GET
172.19.131.174_20220124104738,172.19.131.174_20220124104738,19.34,GENERIC_GET -> AUTH_ACTION -> STATIC_ASSET
10.143.2.25_20220122080545,10.143.2.25_20220122080545,19.34,DYNAMIC_QUERY -> STATIC_ASSET
10.143.2.25_20220124073612,10.143.2.25_20220124073612,19.33,GENERIC_GET -> STATIC_ASSET
172.19.131.174_20220122060617,172.19.131.174_20220121104550,19.33,FORM_SUBMISSION -> DYNAMIC_QUERY -> STATIC_ASSET
10.143.2.25_20220123143532,10.143.2.25_20220123123520,19.33,DYNAMIC_QUERY
10.143.2.25_20220124172734,10.143.2.25_20220124112537,19.33,FORM_SUBMISSION -> STATIC_ASSET
10.143.3.65_20220121220142,10.143.3.65_20220121220142,19.32,STATIC_ASSET -> GENERIC_GET
10.143.2.25_20220124132600,10.143.2.25_20220124112537,19.3,DYNAMIC_QUERY
10.143.3.65_20220124111331,10.143.3.65_20220124091312,19.3,FORM_SUBMISSION
10.143.3.65_20220122155446,10.143.3.65_20220122135432,19.29,FORM_SUBMISSION
172.19.131.174_20220123101119,172.19.131.174_20220121104550,19.28,DYNAMIC_QUERY
172.19.131.174_20220122120649,172.19.131.174_20220121104550,19.26,DYNAMIC_QUERY -> FORM_SUBMISSION
10.143.2.91_20220124103628,10.143.2.91_20220124083619,19.26,SENSITIVE_FILE_ACCESS
10.143.2.91_20220121123951,10.143.2.91_20220121123951,19.25,AUTH_ACTION -> GENERIC_GET
10.143.2.25_20220122105602,10.143.2.25_20220122105602,19.24,STATIC_ASSET -> AUTH_ACTION -> GENERIC_GET
172.19.131.174_20220123202709,172.19.131.174_20220123202709,19.24,STATIC_ASSET
10.143.2.91_20220124083619,10.143.2.91_20220124083619,19.23,GENERIC_GET -> STATIC_ASSET
10.143.2.25_20220123100851,10.143.2.25_20220123100851,19.22,STATIC_ASSET
10.143.2.25_20220121095756,10.143.2.25_20220121095756,19.21,STATIC_ASSET
10.143.2.91_20220121175129,10.143.2.91_20220121175129,19.2,GENERIC_GET -> SENSITIVE_FILE_ACCESS -> FORM_SUBMISSION
10.143.3.65_20220121055522,10.143.3.65_20220121055522,19.2,GENERIC_GET -> STATIC_ASSET
172.19.131.174_20220122100646,172.19.131.174_20220121104550,19.19,FORM_SUBMISSION
10.143.3.65_20220124191504,10.143.3.65_20220124191504,19.19,GENERIC_GET -> DYNAMIC_QUERY -> STATIC_ASSET
10.143.3.65_20220121204908,10.143.3.65_20220121204908,19.18,STATIC_ASSET -> ADMIN_ACTION
172.19.131.174_20220123183741,172.19.131.174_20220123183741,19.17,GENERIC_GET -> AUTH_ACTION
10.143.3.65_20220124133832,10.143.3.65_20220124133832,19.17,AUTH_ACTION -> GENERIC_GET -> STATIC_ASSET
10.143.2.25_20220121201010,10.143.2.25_20220121180956,19.16,DYNAMIC_QUERY -> SENSITIVE_FILE_ACCESS
172.19.131.174_20220121140254,172.19.131.174_20220121104550,19.15,DYNAMIC_QUERY -> SENSITIVE_FILE_ACCESS
10.143.3.65_20220121080909,10.143.3.65_20220121080909,19.14,GENERIC_GET -> STATIC_ASSET
10.143.2.25_20220121115425,10.143.2.25_20220121115425,19.12,GENERIC_GET -> STATIC_ASSET
10.143.3.65_20220124153839,10.143.3.65_20220124133832,19.12,DYNAMIC_QUERY
10.143.2.25_20220123224000,10.143.2.25_20220123224000,19.12,STATIC_ASSET
10.143.3.65_20220121062944,10.143.3.65_20220121062944,19.11,GENERIC_GET -> STATIC_ASSET -> AUTH_ACTION
172.19.131.174_20220123061019,172.19.131.174_20220121104550,19.09,DYNAMIC_QUERY
10.143.2.91_20220124160553,10.143.2.91_20220124160553,19.09,GENERIC_GET -> AUTH_ACTION
10.143.3.65_20220123074028,10.143.3.65_20220123074028,19.07,STATIC_ASSET
10.143.3.65_20220122055813,10.143.3.65_20220122055813,19.06,CLIENT_ERR -> STATIC_ASSET -> GENERIC_GET
10.143.2.25_20220123071221,10.143.2.25_20220123071221,19.05,GENERIC_GET -> AUTH_ACTION
172.19.131.174_20220123081049,172.19.131.174_20220121104550,19.04,DYNAMIC_QUERY
10.143.2.25_20220124112537,10.143.2.25_20220124112537,19.03,STATIC_ASSET
172.19.131.174_20220124094620,172.19.131.174_20220124094620,19.02,STATIC_ASSET
10.143.3.65_20220121142342,10.143.3.65_20220121122333,19.02,FORM_SUBMISSION
10.143.2.91_20220122174750,10.143.2.91_20220122174750,19.02,GENERIC_GET -> AUTH_ACTION
10.143.2.25_20220122170812,10.143.2.25_20220122170812,19.01,STATIC_ASSET -> GENERIC_GET
172.19.131.174_20220124174519,172.19.131.174_20220124174519,19.0,STATIC_ASSET
10.143.3.65_20220124091312,10.143.3.65_20220124091312,18.99,GENERIC_GET -> STATIC_ASSET
172.19.131.174_20220123181235,172.19.131.174_20220123181235,18.99,STATIC_ASSET -> GENERIC_GET -> AUTH_ACTION
172.19.131.174_20220121160319,172.19.131.174_20220121104550,18.99,DYNAMIC_QUERY -> SENSITIVE_FILE_ACCESS
10.143.3.65_20220123144857,10.143.3.65_20220123144857,18.99,GENERIC_GET -> STATIC_ASSET
10.143.2.91_20220124203222,10.143.2.91_20220124203222,18.98,STATIC_ASSET -> GENERIC_GET -> AUTH_ACTION
10.143.2.91_20220123163642,10.143.2.91_20220123163642,18.98,STATIC_ASSET -> AUTH_ACTION
10.143.3.65_20220123112242,10.143.3.65_20220123112242,18.97,FORM_SUBMISSION -> GENERIC_GET -> SENSITIVE_FILE_ACCESS
10.143.2.25_20220122125442,10.143.2.25_20220122125442,18.95,STATIC_ASSET -> GENERIC_GET
10.143.3.65_20220121111245,10.143.3.65_20220121091230,18.94,DYNAMIC_QUERY
10.143.2.91_20220124185835,10.143.2.91_20220124185835,18.93,GENERIC_GET -> STATIC_ASSET -> AUTH_ACTION
10.143.2.91_20220122183029,10.143.2.91_20220122183029,18.92,ADMIN_ACTION -> STATIC_ASSET
10.143.2.91_20220124140644,10.143.2.91_20220124140644,18.92,GENERIC_GET -> AUTH_ACTION
10.143.2.91_20220123144530,10.143.2.91_20220123144530,18.89,STATIC_ASSET
10.143.2.91_20220124201745,10.143.2.91_20220124201745,18.87,STATIC_ASSET
10.143.2.91_20220122114805,10.143.2.91_20220122094756,18.86,SENSITIVE_FILE_ACCESS
172.19.131.174_20220124181317,172.19.131.174_20220124181317,18.86,GENERIC_GET -> AUTH_ACTION
172.19.131.174_20220124165307,172.19.131.174_20220124104738,18.85,STATIC_ASSET
10.143.2.91_20220124210054,10.143.2.91_20220124210054,18.84,AUTH_ACTION -> GENERIC_GET
10.143.2.91_20220122203621,10.143.2.91_20220122203621,18.84,AUTH_ACTION -> GENERIC_GET
10.143.2.25_20220121155613,10.143.2.25_20220121135608,18.81,ADMIN_ACTION
10.143.3.65_20220122135432,10.143.3.65_20220122135432,18.8,GENERIC_GET -> SENSITIVE_FILE_ACCESS
10.143.3.65_20220121091230,10.143.3.65_20220121091230,18.8,GENERIC_GET -> STATIC_ASSET
10.143.2.91_20220122184802,10.143.2.91_20220122184802,18.79,STATIC_ASSET -> GENERIC_GET -> AUTH_ACTION
172.19.131.174_20220122180749,172.19.131.174_20220121104550,18.78,DYNAMIC_QUERY -> SENSITIVE_FILE_ACCESS
172.19.131.174_20220121180333,172.19.131.174_20220121104550,18.78,SENSITIVE_FILE_ACCESS -> DYNAMIC_QUERY
172.19.131.174_20220124171322,172.19.131.174_20220124171322,18.76,STATIC_ASSET
10.143.3.65_20220122082300,10.143.3.65_20220122082300,18.72,GENERIC_GET -> STATIC_ASSET -> AUTH_ACTION
10.143.3.65_20220121170333,10.143.3.65_20220121170333,18.71,GENERIC_GET
172.19.131.174_20220122040549,172.19.131.174_20220121104550,18.7,DYNAMIC_QUERY
10.143.3.65_20220123162148,10.143.3.65_20220123162148,18.7,GENERIC_GET
172.19.131.174_20220123155847,172.19.131.174_20220121104550,18.67,FORM_SUBMISSION
10.143.2.91_20220121163612,10.143.2.91_20220121163612,18.54,GENERIC_GET -> STATIC_ASSET
10.143.3.65_20220121122333,10.143.3.65_20220121122333,18.49,GENERIC_GET -> AUTH_ACTION
::1_20220122200140,::1_20220122200140,18.37,GENERIC_GET
10.143.2.25_20220123183603,10.143.2.25_20220123123520,18.24,SENSITIVE_FILE_ACCESS -> DYNAMIC_QUERY
::1_20220123202724,::1_20220123202724,18.2,GENERIC_GET
10.143.3.65_20220124211520,10.143.3.65_20220124191504,18.1,DYNAMIC_QUERY -> SENSITIVE_FILE_ACCESS
172.19.131.174_20220121220419,172.19.131.174_20220121104550,18.09,DYNAMIC_QUERY
172.19.131.174_20220122200819,172.19.131.174_20220121104550,17.89,DYNAMIC_QUERY -> STATIC_ASSET
172.19.131.174_20220121200349,172.19.131.174_20220121104550,17.81,DYNAMIC_QUERY -> GENERIC_GET
10.143.3.65_20220123094305,10.143.3.65_20220123074028,17.8,GENERIC_GET
10.143.3.65_20220121195837,10.143.3.65_20220121175820,17.64,ADMIN_ACTION
::1_20220121154229,::1_20220121154229,17.52,GENERIC_GET
10.143.2.25_20220122190834,10.143.2.25_20220122170812,17.38,DYNAMIC_QUERY
::1_20220121082844,::1_20220121082844,17.32,GENERIC_GET
172.19.131.174_20220122020519,172.19.131.174_20220121104550,17.28,DYNAMIC_QUERY
172.19.131.174_20220122000449,172.19.131.174_20220121104550,17.28,DYNAMIC_QUERY
172.19.131.174_20220123000849,172.19.131.174_20220121104550,17.28,DYNAMIC_QUERY
172.19.131.174_20220123020919,172.19.131.174_20220121104550,17.28,DYNAMIC_QUERY
10.143.2.25_20220122210904,10.143.2.25_20220122170812,17.28,DYNAMIC_QUERY -> SENSITIVE_FILE_ACCESS
172.19.131.174_20220123040949,172.19.131.174_20220121104550,17.28,DYNAMIC_QUERY
172.19.131.174_20220122220833,172.19.131.174_20220121104550,17.27,SENSITIVE_FILE_ACCESS -> DYNAMIC_QUERY
::1_20220122095156,::1_20220122075146,17.18,GENERIC_GET
::1_20220123144541,::1_20220123144541,17.16,GENERIC_GET
::1_20220123173552,::1_20220123173552,17.16,GENERIC_GET
::1_20220124194033,::1_20220124194033,16.96,GENERIC_GET
::1_20220121222249,::1_20220121222249,16.96,GENERIC_GET
::1_20220121163228,::1_20220121163228,16.96,GENERIC_GET
::1_20220121171826,::1_20220121171826,16.96,GENERIC_GET
::1_20220123192942,::1_20220123192942,16.96,GENERIC_GET
::1_20220123071235,::1_20220123071235,16.86,GENERIC_GET
::1_20220122134655,::1_20220122134655,16.83,GENERIC_GET
::1_20220123062348,::1_20220123062348,16.75,GENERIC_GET
::1_20220124155825,::1_20220124135740,16.74,GENERIC_GET
::1_20220122152735,::1_20220122152735,16.71,GENERIC_GET
::1_20220121182747,::1_20220121182747,16.7,GENERIC_GET
::1_20220123055017,::1_20220123055017,16.66,GENERIC_GET
::1_20220121121601,::1_20220121121601,16.65,GENERIC_GET
::1_20220122105455,::1_20220122105455,16.65,GENERIC_GET
::1_20220121075339,::1_20220121075339,16.62,GENERIC_GET
::1_20220121134146,::1_20220121134146,16.62,GENERIC_GET
::1_20220123152758,::1_20220123152758,16.61,GENERIC_GET
::1_20220121114624,::1_20220121114624,16.61,GENERIC_GET
::1_20220122172417,::1_20220122172417,16.59,GENERIC_GET
::1_20220122125748,::1_20220122125748,16.58,GENERIC_GET
::1_20220123175653,::1_20220123175653,16.58,GENERIC_GET
::1_20220123195015,::1_20220123195015,16.58,GENERIC_GET
::1_20220123163054,::1_20220123163054,16.56,GENERIC_GET
::1_20220122075146,::1_20220122075146,16.56,GENERIC_GET
::1_20220121175008,::1_20220121175008,16.55,GENERIC_GET
::1_20220123091851,::1_20220123071235,16.52,GENERIC_GET
::1_20220123183756,::1_20220123183756,16.52,GENERIC_GET
::1_20220122054227,::1_20220122054227,16.5,GENERIC_GET
::1_20220124133314,::1_20220124133314,16.5,GENERIC_GET
10.143.3.65_20220122103403,10.143.3.65_20220122103403,16.49,GENERIC_GET -> DYNAMIC_QUERY -> ADMIN_ACTION
::1_20220124104744,::1_20220124104744,16.47,GENERIC_GET
::1_20220123112127,::1_20220123071235,16.45,GENERIC_GET
::1_20220122131857,::1_20220122131857,16.44,GENERIC_GET
::1_20220122150443,::1_20220122150443,16.43,GENERIC_GET
::1_20220124081925,::1_20220124081925,16.41,GENERIC_GET
::1_20220124130436,::1_20220124130436,16.41,GENERIC_GET
::1_20220122141007,::1_20220122141007,16.41,GENERIC_GET
::1_20220121145437,::1_20220121145437,16.32,GENERIC_GET
::1_20220123135419,::1_20220123135419,16.31,GENERIC_GET
::1_20220121104556,::1_20220121104556,16.29,GENERIC_GET
::1_20220124135740,::1_20220124135740,16.27,GENERIC_GET
::1_20220123123532,::1_20220123123532,16.24,GENERIC_GET
10.143.2.25_20220122100639,10.143.2.25_20220122080545,16.21,FORM_SUBMISSION
172.19.131.174_20220124035809,172.19.131.174_20220124035653,16.15,L1_ALERT
::1_20220124181149,::1_20220124181149,16.14,GENERIC_GET
::1_20220121063001,::1_20220121063001,16.13,GENERIC_GET
::1_20220121203631,::1_20220121203631,16.07,GENERIC_GET
::1_20220121094855,::1_20220121094855,16.06,GENERIC_GET
::1_20220121101543,::1_20220121101543,16.04,GENERIC_GET
::1_20220124185842,::1_20220124185842,16.04,GENERIC_GET
172.19.131.174_20220124035739,172.19.131.174_20220124035653,16.02,CLIENT_ERR
::1_20220124074945,::1_20220124074945,16.02,GENERIC_GET
::1_20220123150500,::1_20220123150500,16.0,GENERIC_GET
::1_20220124102455,::1_20220124081925,16.0,GENERIC_GET
::1_20220124210100,::1_20220124210100,15.96,GENERIC_GET
::1_20220121071258,::1_20220121071258,15.96,GENERIC_GET
::1_20220121181157,::1_20220121181157,15.93,GENERIC_GET
::1_20220122170827,::1_20220122170827,15.81,GENERIC_GET
::1_20220122203627,::1_20220122203627,15.81,GENERIC_GET
::1_20220122183039,::1_20220122183039,15.81,GENERIC_GET
::1_20220124124259,::1_20220124124259,15.71,GENERIC_GET
::1_20220122065955,::1_20220122065955,15.71,GENERIC_GET
::1_20220124121458,::1_20220124121458,15.56,GENERIC_GET
::1_20220124073619,::1_20220124073619,15.56,GENERIC_GET
::1_20220124070747,::1_20220124070747,15.56,GENERIC_GET
172.19.131.174_20220124035804,172.19.131.174_20220124035653,15.42,L1_ALERT
172.19.131.174_20220124043725,172.19.131.174_20220124043725,15.4,L1_ALERT
::1_20220121220154,::1_20220121220154,15.28,GENERIC_GET
::1_20220124201751,::1_20220124201751,15.28,GENERIC_GET
::1_20220124203227,::1_20220124203227,15.28,GENERIC_GET
::1_20220122184811,::1_20220122184811,15.28,GENERIC_GET
::1_20220124122908,::1_20220124122908,15.28,GENERIC_GET
::1_20220123224009,::1_20220123224009,15.28,GENERIC_GET
::1_20220121055532,::1_20220121055532,14.63,GENERIC_GET
::1_20220124035702,::1_20220124035702,14.63,GENERIC_GET
10.143.2.91_20220123103040,10.143.2.91_20220123082652,14.54,ADMIN_ACTION
10.143.2.4_20220121072528,10.143.2.4_20220121072528,14.19,SENSITIVE_FILE_ACCESS
10.143.2.4_20220122173644,10.143.2.4_20220122173644,14.19,SENSITIVE_FILE_ACCESS
10.143.2.4_20220124182908,10.143.2.4_20220124182908,14.19,SENSITIVE_FILE_ACCESS
10.143.2.4_20220121084837,10.143.2.4_20220121084837,14.19,SENSITIVE_FILE_ACCESS
10.143.2.4_20220124205909,10.143.2.4_20220124205909,14.19,SENSITIVE_FILE_ACCESS
10.143.2.4_20220122193307,10.143.2.4_20220122193307,14.19,SENSITIVE_FILE_ACCESS
10.143.2.4_20220121142734,10.143.2.4_20220121142734,14.19,SENSITIVE_FILE_ACCESS
10.143.2.4_20220121113448,10.143.2.4_20220121113448,14.19,SENSITIVE_FILE_ACCESS
10.143.2.4_20220121094103,10.143.2.4_20220121094103,14.19,SENSITIVE_FILE_ACCESS
10.143.2.4_20220121192830,10.143.2.4_20220121192830,14.19,SENSITIVE_FILE_ACCESS
10.143.2.4_20220121182939,10.143.2.4_20220121182939,14.19,SENSITIVE_FILE_ACCESS
10.143.2.4_20220121173128,10.143.2.4_20220121173128,14.19,SENSITIVE_FILE_ACCESS
10.143.2.4_20220124132736,10.143.2.4_20220124132736,14.19,SENSITIVE_FILE_ACCESS
10.143.2.4_20220121135609,10.143.2.4_20220121135609,14.19,SENSITIVE_FILE_ACCESS
10.143.2.4_20220122104724,10.143.2.4_20220122104724,14.19,SENSITIVE_FILE_ACCESS
10.143.2.4_20220123165945,10.143.2.4_20220123165945,14.19,SENSITIVE_FILE_ACCESS
10.143.2.4_20220122132846,10.143.2.4_20220122132846,14.19,SENSITIVE_FILE_ACCESS
10.143.2.4_20220123152730,10.143.2.4_20220123152730,14.19,SENSITIVE_FILE_ACCESS
10.143.2.4_20220122072648,10.143.2.4_20220122072648,14.19,SENSITIVE_FILE_ACCESS
10.143.2.4_20220123205038,10.143.2.4_20220123205038,14.19,SENSITIVE_FILE_ACCESS
10.143.2.4_20220123225038,10.143.2.4_20220123225038,14.19,SENSITIVE_FILE_ACCESS
10.143.2.4_20220123192736,10.143.2.4_20220123192736,14.19,SENSITIVE_FILE_ACCESS
10.143.2.4_20220123174243,10.143.2.4_20220123174243,14.19,SENSITIVE_FILE_ACCESS
10.143.2.4_20220122162633,10.143.2.4_20220122162633,14.19,SENSITIVE_FILE_ACCESS
10.143.2.4_20220122190536,10.143.2.4_20220122190536,14.19,SENSITIVE_FILE_ACCESS
10.143.2.4_20220123075424,10.143.2.4_20220123075424,14.19,SENSITIVE_FILE_ACCESS
10.143.2.4_20220123103150,10.143.2.4_20220123103150,14.19,SENSITIVE_FILE_ACCESS
10.143.2.4_20220123094643,10.143.2.4_20220123094643,14.19,SENSITIVE_FILE_ACCESS
10.143.2.4_20220122142728,10.143.2.4_20220122142728,14.19,SENSITIVE_FILE_ACCESS
10.143.2.4_20220123114636,10.143.2.4_20220123114636,14.19,SENSITIVE_FILE_ACCESS
10.143.2.4_20220123132949,10.143.2.4_20220123132949,14.19,SENSITIVE_FILE_ACCESS
10.143.2.4_20220123190039,10.143.2.4_20220123190039,14.19,SENSITIVE_FILE_ACCESS
10.143.2.4_20220122113134,10.143.2.4_20220122113134,14.19,SENSITIVE_FILE_ACCESS
10.143.2.4_20220122161002,10.143.2.4_20220122161002,14.19,SENSITIVE_FILE_ACCESS
10.143.2.4_20220123142741,10.143.2.4_20220123142741,14.19,SENSITIVE_FILE_ACCESS
10.143.2.4_20220122093435,10.143.2.4_20220122093435,14.19,SENSITIVE_FILE_ACCESS
10.143.2.4_20220122082813,10.143.2.4_20220122082813,14.19,SENSITIVE_FILE_ACCESS
10.143.2.4_20220121223355,10.143.2.4_20220121223355,14.19,SENSITIVE_FILE_ACCESS
10.143.2.4_20220124114157,10.143.2.4_20220124114157,14.19,SENSITIVE_FILE_ACCESS
10.143.2.4_20220124083619,10.143.2.4_20220124083619,14.19,SENSITIVE_FILE_ACCESS
10.143.2.4_20220121212552,10.143.2.4_20220121212552,14.19,SENSITIVE_FILE_ACCESS
10.143.2.4_20220121111559,10.143.2.4_20220121111559,14.19,SENSITIVE_FILE_ACCESS
10.143.2.4_20220124154810,10.143.2.4_20220124154810,14.19,SENSITIVE_FILE_ACCESS
10.143.2.4_20220124143539,10.143.2.4_20220124143539,14.19,SENSITIVE_FILE_ACCESS
10.143.2.4_20220124162844,10.143.2.4_20220124162844,14.19,SENSITIVE_FILE_ACCESS
10.143.2.4_20220121153309,10.143.2.4_20220121153309,14.19,SENSITIVE_FILE_ACCESS
10.143.2.4_20220121214736,10.143.2.4_20220121214736,14.19,SENSITIVE_FILE_ACCESS
10.143.2.4_20220124073458,10.143.2.4_20220124073458,14.19,SENSITIVE_FILE_ACCESS
10.143.2.4_20220124092624,10.143.2.4_20220124092624,14.19,SENSITIVE_FILE_ACCESS
10.143.2.4_20220121210325,10.143.2.4_20220121210325,14.19,SENSITIVE_FILE_ACCESS
10.143.2.4_20220124103115,10.143.2.4_20220124103115,14.19,SENSITIVE_FILE_ACCESS
10.143.2.4_20220121164339,10.143.2.4_20220121164339,14.19,SENSITIVE_FILE_ACCESS
192.168.230.122_20220124035653,192.168.230.122_20220124035653,13.86,L1_ALERT -> SERVER_INTERNAL_ERROR
::1_20220121065632,::1_20220121065632,11.39,GENERIC_GET
::1_20220124183234,::1_20220124183234,11.39,GENERIC_GET
::1_20220121073103,::1_20220121073103,11.39,GENERIC_GET
10.143.2.25_20220123202325,10.143.2.25_20220123202325,11.39,GENERIC_GET
172.19.131.174_20220123225038,172.19.131.174_20220123225038,11.39,GENERIC_GET
::1_20220122195035,::1_20220122195035,11.39,GENERIC_GET
10.143.2.91_20220122144844,10.143.2.91_20220122144844,11.39,GENERIC_GET
::1_20220122194010,::1_20220122194010,11.39,GENERIC_GET
::1_20220123211423,::1_20220123211423,11.39,GENERIC_GET
::1_20220122071407,::1_20220122071407,11.39,GENERIC_GET
::1_20220121214742,::1_20220121214742,11.39,GENERIC_GET
::1_20220121161429,::1_20220121161429,11.39,GENERIC_GET
::1_20220121201848,::1_20220121201848,11.39,GENERIC_GET
::1_20220124072119,::1_20220124072119,11.39,GENERIC_GET
::1_20220124064246,::1_20220124064246,11.39,GENERIC_GET
::1_20220122073116,::1_20220122073116,11.39,GENERIC_GET
::1_20220121160239,::1_20220121160239,11.39,GENERIC_GET
